Order_ID,Order_Date,Customer_ID,Region,Customer_Segment,Product,Category,Quantity,Unit_Price,Discount,Revenue,Cost,Profit,Payment_Method
ORD00001,2025-05-06,CUST0058,South,Home Office,Coffee Maker,Home Appliances,1,95,0.0,95.0,68.45,26.55,Credit Card
ORD00002,2025-01-17,CUST0008,North,Consumer,Coffee Maker,Home Appliances,5,95,0.0,475.0,325.76,149.24,UPI
ORD00003,2025-11-29,CUST0180,Central,Corporate,Running Shoes,Fashion,5,75,0.0,375.0,254.66,120.34,UPI
ORD00004,2025-01-04,CUST0195,South,Home Office,Backpack,Accessories,5,55,0.05,261.25,202.45,58.8,Net Banking
ORD00005,2025-06-22,CUST0027,North,Corporate,Office Chair,Furniture,3,160,0.0,480.0,287.77,192.23,Credit Card
ORD00006,2025-01-23,CUST0187,West,Home Office,Office Chair,Furniture,3,160,0.15,408.0,293.2,114.8,Credit Card
ORD00007,2025-11-18,CUST0159,East,Home Office,Desk,Furniture,1,140,0.15,119.0,86.44,32.56,UPI
ORD00008,2025-05-29,CUST0021,South,Consumer,Blender,Home Appliances,1,70,0.0,70.0,49.15,20.85,Net Banking
ORD00009,2025-07-01,CUST0054,East,Home Office,Keyboard,Electronics,4,45,0.05,171.0,105.73,65.27,Credit Card
ORD00010,2025-03-25,CUST0119,West,Corporate,T-Shirt,Fashion,2,25,0.15,42.5,35.88,6.62,Cash on Delivery
ORD00011,2025-01-17,CUST0207,East,Corporate,Monitor,Electronics,3,180,0.0,540.0,325.45,214.55,Debit Card
ORD00012,2025-06-11,CUST0055,West,Corporate,Smartphone,Electronics,2,420,0.15,714.0,631.31,82.69,Net Banking
ORD00013,2025-10-15,CUST0138,East,Home Office,Headphones,Electronics,3,80,0.0,240.0,145.61,94.39,Cash on Delivery
ORD00014,2025-03-12,CUST0131,West,Consumer,Desk,Furniture,5,140,0.1,630.0,443.28,186.72,Credit Card
ORD00015,2025-08-05,CUST0153,North,Corporate,Smartphone,Electronics,2,420,0.0,840.0,615.03,224.97,Net Banking
ORD00016,2025-10-11,CUST0221,North,Home Office,T-Shirt,Fashion,4,25,0.15,85.0,60.78,24.22,Credit Card
ORD00017,2025-06-24,CUST0029,East,Corporate,Coffee Maker,Home Appliances,5,95,0.05,451.25,345.22,106.03,UPI
ORD00018,2025-04-02,CUST0130,North,Home Office,Backpack,Accessories,1,55,0.05,52.25,42.54,9.71,Debit Card
ORD00019,2025-07-11,CUST0196,South,Home Office,Coffee Maker,Home Appliances,5,95,0.15,403.75,282.98,120.77,Cash on Delivery
ORD00020,2025-02-27,CUST0238,East,Corporate,Laptop,Electronics,5,650,0.05,3087.5,2152.73,934.77,UPI
ORD00021,2025-02-13,CUST0188,West,Consumer,Laptop,Electronics,2,650,0.15,1105.0,998.14,106.86,Cash on Delivery
ORD00022,2025-03-26,CUST0068,Central,Home Office,Headphones,Electronics,2,80,0.1,144.0,122.84,21.16,Net Banking
ORD00023,2025-07-24,CUST0172,East,Corporate,Monitor,Electronics,5,180,0.0,900.0,642.58,257.42,Cash on Delivery
ORD00024,2025-06-23,CUST0006,Central,Home Office,Backpack,Accessories,1,55,0.0,55.0,33.09,21.91,UPI
ORD00025,2025-11-20,CUST0016,South,Consumer,T-Shirt,Fashion,2,25,0.0,50.0,28.32,21.68,Credit Card
ORD00026,2025-12-09,CUST0125,South,Home Office,Office Chair,Furniture,1,160,0.15,136.0,96.76,39.24,UPI
ORD00027,2025-08-31,CUST0207,West,Consumer,Blender,Home Appliances,5,70,0.15,297.5,230.55,66.95,Credit Card
ORD00028,2025-08-28,CUST0222,North,Home Office,Smartphone,Electronics,4,420,0.05,1596.0,1087.67,508.33,Credit Card
ORD00029,2025-02-25,CUST0064,South,Consumer,Laptop,Electronics,4,650,0.05,2470.0,1908.75,561.25,Cash on Delivery
ORD00030,2025-08-25,CUST0064,North,Corporate,Backpack,Accessories,2,55,0.1,99.0,65.14,33.86,Cash on Delivery
ORD00031,2025-02-17,CUST0238,South,Consumer,Smartphone,Electronics,1,420,0.15,357.0,311.76,45.24,Net Banking
ORD00032,2025-01-31,CUST0043,West,Consumer,Backpack,Accessories,4,55,0.0,220.0,164.75,55.25,Net Banking
ORD00033,2025-10-12,CUST0170,West,Consumer,Keyboard,Electronics,4,45,0.05,171.0,116.51,54.49,UPI
ORD00034,2025-10-05,CUST0016,East,Consumer,Keyboard,Electronics,2,45,0.0,90.0,61.49,28.51,Credit Card
ORD00035,2025-09-29,CUST0041,North,Home Office,T-Shirt,Fashion,4,25,0.15,85.0,76.15,8.85,Credit Card
ORD00036,2025-05-01,CUST0104,North,Home Office,Headphones,Electronics,1,80,0.15,68.0,45.25,22.75,UPI
ORD00037,2025-08-03,CUST0169,Central,Home Office,T-Shirt,Fashion,5,25,0.0,125.0,86.56,38.44,Cash on Delivery
ORD00038,2025-06-10,CUST0062,East,Corporate,Office Chair,Furniture,3,160,0.0,480.0,337.94,142.06,UPI
ORD00039,2025-02-07,CUST0003,West,Home Office,Coffee Maker,Home Appliances,3,95,0.1,256.5,177.48,79.02,Cash on Delivery
ORD00040,2025-05-16,CUST0034,East,Consumer,Smartphone,Electronics,1,420,0.15,357.0,251.59,105.41,UPI
ORD00041,2025-10-06,CUST0181,East,Home Office,Office Chair,Furniture,3,160,0.0,480.0,312.38,167.62,Cash on Delivery
ORD00042,2025-02-23,CUST0241,South,Corporate,Laptop,Electronics,5,650,0.05,3087.5,2483.99,603.51,Credit Card
ORD00043,2025-11-06,CUST0054,East,Consumer,Smartphone,Electronics,5,420,0.0,2100.0,1286.54,813.46,Debit Card
ORD00044,2025-01-27,CUST0024,West,Corporate,Running Shoes,Fashion,4,75,0.05,285.0,227.47,57.53,Credit Card
ORD00045,2025-05-15,CUST0042,West,Home Office,Laptop,Electronics,3,650,0.0,1950.0,1358.25,591.75,Net Banking
ORD00046,2025-12-20,CUST0232,South,Home Office,Running Shoes,Fashion,1,75,0.0,75.0,42.55,32.45,Credit Card
ORD00047,2025-03-07,CUST0011,East,Corporate,Office Chair,Furniture,5,160,0.15,680.0,467.25,212.75,Credit Card
ORD00048,2025-07-01,CUST0200,Central,Corporate,Office Chair,Furniture,2,160,0.0,320.0,225.09,94.91,Cash on Delivery
ORD00049,2025-04-01,CUST0226,West,Consumer,Blender,Home Appliances,2,70,0.0,140.0,104.84,35.16,UPI
ORD00050,2025-05-08,CUST0069,South,Home Office,Blender,Home Appliances,3,70,0.1,189.0,154.25,34.75,Credit Card
ORD00051,2025-08-24,CUST0090,East,Consumer,Desk,Furniture,1,140,0.1,126.0,84.16,41.84,UPI
ORD00052,2025-02-05,CUST0248,East,Corporate,Laptop,Electronics,2,650,0.1,1170.0,813.15,356.85,Cash on Delivery
ORD00053,2025-03-01,CUST0225,East,Consumer,Desk,Furniture,5,140,0.05,665.0,536.22,128.78,Cash on Delivery
ORD00054,2025-06-26,CUST0187,East,Corporate,Keyboard,Electronics,1,45,0.0,45.0,30.92,14.08,Cash on Delivery
ORD00055,2025-04-08,CUST0066,North,Home Office,Running Shoes,Fashion,1,75,0.1,67.5,56.77,10.73,Net Banking
ORD00056,2025-12-10,CUST0051,East,Corporate,Laptop,Electronics,5,650,0.15,2762.5,2300.93,461.57,Credit Card
ORD00057,2025-03-05,CUST0185,East,Home Office,Coffee Maker,Home Appliances,3,95,0.15,242.25,177.33,64.92,Debit Card
ORD00058,2025-06-01,CUST0142,South,Consumer,Coffee Maker,Home Appliances,4,95,0.05,361.0,244.17,116.83,Net Banking
ORD00059,2025-06-04,CUST0104,Central,Consumer,Coffee Maker,Home Appliances,4,95,0.0,380.0,262.8,117.2,Debit Card
ORD00060,2025-11-07,CUST0168,East,Corporate,Keyboard,Electronics,2,45,0.1,81.0,65.77,15.23,Net Banking
ORD00061,2025-03-28,CUST0169,North,Corporate,Backpack,Accessories,2,55,0.15,93.5,72.47,21.03,Cash on Delivery
ORD00062,2025-05-01,CUST0173,East,Consumer,Coffee Maker,Home Appliances,5,95,0.05,451.25,271.45,179.8,UPI
ORD00063,2025-09-01,CUST0157,North,Corporate,Headphones,Electronics,1,80,0.0,80.0,48.51,31.49,Net Banking
ORD00064,2025-07-16,CUST0127,West,Consumer,Coffee Maker,Home Appliances,5,95,0.0,475.0,339.73,135.27,UPI
ORD00065,2025-04-23,CUST0046,Central,Corporate,Coffee Maker,Home Appliances,1,95,0.0,95.0,69.26,25.74,Credit Card
ORD00066,2025-08-26,CUST0171,Central,Home Office,Running Shoes,Fashion,2,75,0.0,150.0,98.25,51.75,Cash on Delivery
ORD00067,2025-09-16,CUST0110,Central,Corporate,Office Chair,Furniture,4,160,0.15,544.0,471.97,72.03,UPI
ORD00068,2025-05-07,CUST0216,East,Home Office,Blender,Home Appliances,4,70,0.1,252.0,170.69,81.31,Net Banking
ORD00069,2025-05-27,CUST0061,East,Corporate,Coffee Maker,Home Appliances,2,95,0.05,180.5,123.72,56.78,Debit Card
ORD00070,2025-07-16,CUST0178,South,Home Office,Running Shoes,Fashion,1,75,0.0,75.0,43.85,31.15,UPI
ORD00071,2025-08-27,CUST0107,North,Consumer,Smartphone,Electronics,4,420,0.1,1512.0,1051.85,460.15,Net Banking
ORD00072,2025-10-22,CUST0098,West,Consumer,Desk,Furniture,5,140,0.0,700.0,522.93,177.07,Debit Card
ORD00073,2025-10-07,CUST0205,Central,Consumer,Keyboard,Electronics,4,45,0.1,162.0,121.28,40.72,Net Banking
ORD00074,2025-07-19,CUST0087,West,Home Office,Monitor,Electronics,3,180,0.1,486.0,357.32,128.68,UPI
ORD00075,2025-07-21,CUST0152,Central,Home Office,Backpack,Accessories,2,55,0.15,93.5,74.01,19.49,Credit Card
ORD00076,2025-04-04,CUST0013,East,Corporate,Smartphone,Electronics,4,420,0.0,1680.0,1258.95,421.05,Debit Card
ORD00077,2025-07-14,CUST0072,West,Corporate,Monitor,Electronics,4,180,0.05,684.0,451.89,232.11,Credit Card
ORD00078,2025-06-29,CUST0058,North,Home Office,Backpack,Accessories,1,55,0.15,46.75,30.91,15.84,Credit Card
ORD00079,2025-11-15,CUST0040,South,Consumer,Laptop,Electronics,2,650,0.0,1300.0,965.93,334.07,Net Banking
ORD00080,2025-08-27,CUST0180,East,Corporate,Coffee Maker,Home Appliances,1,95,0.15,80.75,72.96,7.79,UPI
ORD00081,2025-03-25,CUST0247,East,Consumer,T-Shirt,Fashion,5,25,0.0,125.0,91.11,33.89,Cash on Delivery
ORD00082,2025-07-12,CUST0102,South,Consumer,Laptop,Electronics,3,650,0.15,1657.5,1376.29,281.21,Cash on Delivery
ORD00083,2025-06-04,CUST0218,Central,Consumer,Blender,Home Appliances,2,70,0.0,140.0,99.45,40.55,Cash on Delivery
ORD00084,2025-07-09,CUST0018,Central,Home Office,Laptop,Electronics,3,650,0.15,1657.5,1264.63,392.87,Debit Card
ORD00085,2025-07-05,CUST0163,West,Home Office,Laptop,Electronics,4,650,0.1,2340.0,1493.11,846.89,UPI
ORD00086,2025-05-19,CUST0158,Central,Corporate,Desk,Furniture,2,140,0.15,238.0,216.18,21.82,Net Banking
ORD00087,2025-05-06,CUST0213,North,Corporate,Desk,Furniture,5,140,0.05,665.0,436.89,228.11,Net Banking
ORD00088,2025-07-14,CUST0087,North,Corporate,Monitor,Electronics,4,180,0.15,612.0,497.07,114.93,Debit Card
ORD00089,2025-05-13,CUST0088,East,Home Office,Headphones,Electronics,4,80,0.0,320.0,202.12,117.88,Debit Card
ORD00090,2025-02-13,CUST0062,West,Corporate,Running Shoes,Fashion,1,75,0.15,63.75,57.6,6.15,Cash on Delivery
ORD00091,2025-01-09,CUST0024,East,Consumer,Monitor,Electronics,4,180,0.1,648.0,470.22,177.78,Net Banking
ORD00092,2025-07-08,CUST0122,Central,Home Office,Blender,Home Appliances,2,70,0.05,133.0,98.38,34.62,Debit Card
ORD00093,2025-08-21,CUST0070,East,Corporate,Desk,Furniture,5,140,0.05,665.0,441.64,223.36,UPI
ORD00094,2025-10-02,CUST0244,South,Consumer,Smartphone,Electronics,2,420,0.05,798.0,485.1,312.9,UPI
ORD00095,2025-09-26,CUST0153,East,Consumer,Blender,Home Appliances,4,70,0.05,266.0,200.66,65.34,UPI
ORD00096,2025-01-08,CUST0182,Central,Consumer,Keyboard,Electronics,2,45,0.05,85.5,53.21,32.29,Debit Card
ORD00097,2025-03-06,CUST0164,West,Consumer,Laptop,Electronics,1,650,0.15,552.5,401.17,151.33,Credit Card
ORD00098,2025-06-24,CUST0048,North,Corporate,T-Shirt,Fashion,3,25,0.1,67.5,49.51,17.99,Net Banking
ORD00099,2025-10-23,CUST0162,North,Consumer,Smartphone,Electronics,1,420,0.1,378.0,278.5,99.5,UPI
ORD00100,2025-03-02,CUST0143,West,Home Office,T-Shirt,Fashion,3,25,0.0,75.0,58.4,16.6,Cash on Delivery
ORD00101,2025-08-15,CUST0077,Central,Corporate,T-Shirt,Fashion,2,25,0.15,42.5,31.87,10.63,Debit Card
ORD00102,2025-02-20,CUST0243,South,Home Office,T-Shirt,Fashion,5,25,0.0,125.0,86.28,38.72,UPI
ORD00103,2025-10-10,CUST0020,South,Consumer,Keyboard,Electronics,1,45,0.0,45.0,27.23,17.77,Net Banking
ORD00104,2025-04-29,CUST0074,East,Home Office,Backpack,Accessories,5,55,0.1,247.5,169.67,77.83,Net Banking
ORD00105,2025-11-17,CUST0151,South,Corporate,Smartphone,Electronics,2,420,0.05,798.0,614.21,183.79,Credit Card
ORD00106,2025-03-14,CUST0019,North,Consumer,Running Shoes,Fashion,2,75,0.0,150.0,113.84,36.16,Debit Card
ORD00107,2025-08-28,CUST0177,East,Home Office,T-Shirt,Fashion,5,25,0.05,118.75,81.38,37.37,Net Banking
ORD00108,2025-02-11,CUST0154,North,Corporate,Keyboard,Electronics,5,45,0.15,191.25,149.3,41.95,Debit Card
ORD00109,2025-12-12,CUST0215,Central,Home Office,T-Shirt,Fashion,3,25,0.0,75.0,42.83,32.17,Credit Card
ORD00110,2025-03-31,CUST0121,Central,Home Office,Coffee Maker,Home Appliances,3,95,0.15,242.25,159.39,82.86,Net Banking
ORD00111,2025-09-09,CUST0249,North,Corporate,Keyboard,Electronics,2,45,0.15,76.5,58.52,17.98,Debit Card
ORD00112,2025-03-24,CUST0085,West,Home Office,Desk,Furniture,3,140,0.05,399.0,295.73,103.27,Net Banking
ORD00113,2025-02-15,CUST0081,East,Corporate,Keyboard,Electronics,4,45,0.15,153.0,100.52,52.48,Credit Card
ORD00114,2025-10-05,CUST0119,West,Consumer,Desk,Furniture,5,140,0.0,700.0,490.88,209.12,UPI
ORD00115,2025-11-17,CUST0114,North,Consumer,Running Shoes,Fashion,3,75,0.15,191.25,162.9,28.35,Debit Card
ORD00116,2025-12-24,CUST0125,North,Consumer,Running Shoes,Fashion,2,75,0.05,142.5,97.62,44.88,Cash on Delivery
ORD00117,2025-10-10,CUST0105,North,Consumer,Monitor,Electronics,2,180,0.05,342.0,243.61,98.39,Credit Card
ORD00118,2025-05-30,CUST0131,East,Corporate,Backpack,Accessories,1,55,0.0,55.0,36.55,18.45,Net Banking
ORD00119,2025-07-16,CUST0049,Central,Home Office,Backpack,Accessories,2,55,0.1,99.0,74.45,24.55,UPI
ORD00120,2025-09-17,CUST0069,North,Corporate,Smartphone,Electronics,3,420,0.1,1134.0,791.5,342.5,Debit Card
ORD00121,2025-08-17,CUST0138,West,Corporate,T-Shirt,Fashion,5,25,0.1,112.5,93.63,18.87,Debit Card
ORD00122,2025-06-14,CUST0223,South,Home Office,Running Shoes,Fashion,5,75,0.1,337.5,245.52,91.98,UPI
ORD00123,2025-07-30,CUST0012,East,Home Office,T-Shirt,Fashion,4,25,0.0,100.0,74.69,25.31,Net Banking
ORD00124,2025-11-30,CUST0039,West,Consumer,Blender,Home Appliances,4,70,0.1,252.0,217.65,34.35,UPI
ORD00125,2025-08-14,CUST0026,Central,Corporate,Running Shoes,Fashion,5,75,0.05,356.25,281.26,74.99,Credit Card
ORD00126,2025-03-21,CUST0020,West,Corporate,Blender,Home Appliances,2,70,0.1,126.0,105.04,20.96,Debit Card
ORD00127,2025-12-12,CUST0220,Central,Corporate,T-Shirt,Fashion,4,25,0.0,100.0,74.59,25.41,Debit Card
ORD00128,2025-02-05,CUST0061,East,Consumer,Coffee Maker,Home Appliances,4,95,0.15,323.0,212.14,110.86,Credit Card
ORD00129,2025-12-22,CUST0077,North,Consumer,Desk,Furniture,1,140,0.0,140.0,91.29,48.71,Debit Card
ORD00130,2025-03-16,CUST0063,Central,Corporate,Laptop,Electronics,3,650,0.05,1852.5,1240.62,611.88,Cash on Delivery
ORD00131,2025-11-09,CUST0223,West,Home Office,Coffee Maker,Home Appliances,2,95,0.0,190.0,112.15,77.85,UPI
ORD00132,2025-11-23,CUST0066,West,Corporate,Backpack,Accessories,5,55,0.0,275.0,165.94,109.06,Credit Card
ORD00133,2025-08-15,CUST0242,East,Home Office,Backpack,Accessories,3,55,0.15,140.25,96.75,43.5,Debit Card
ORD00134,2025-06-04,CUST0051,West,Corporate,Coffee Maker,Home Appliances,4,95,0.05,361.0,248.93,112.07,Credit Card
ORD00135,2025-06-01,CUST0180,East,Consumer,Monitor,Electronics,4,180,0.15,612.0,455.44,156.56,Net Banking
ORD00136,2025-01-26,CUST0234,Central,Home Office,Keyboard,Electronics,1,45,0.15,38.25,33.7,4.55,Net Banking
ORD00137,2025-04-23,CUST0163,South,Home Office,Keyboard,Electronics,2,45,0.15,76.5,66.1,10.4,Debit Card
ORD00138,2025-11-27,CUST0011,East,Corporate,Coffee Maker,Home Appliances,2,95,0.0,190.0,143.98,46.02,Credit Card
ORD00139,2025-06-01,CUST0084,West,Consumer,T-Shirt,Fashion,3,25,0.0,75.0,42.8,32.2,UPI
ORD00140,2025-05-20,CUST0213,South,Corporate,Headphones,Electronics,5,80,0.05,380.0,268.84,111.16,Net Banking
ORD00141,2025-02-08,CUST0037,South,Home Office,Keyboard,Electronics,3,45,0.0,135.0,88.79,46.21,Net Banking
ORD00142,2025-01-08,CUST0068,Central,Consumer,Running Shoes,Fashion,3,75,0.0,225.0,164.67,60.33,Net Banking
ORD00143,2025-11-23,CUST0241,East,Consumer,Office Chair,Furniture,3,160,0.15,408.0,306.07,101.93,UPI
ORD00144,2025-10-15,CUST0084,Central,Consumer,Backpack,Accessories,1,55,0.15,46.75,41.44,5.31,Credit Card
ORD00145,2025-03-01,CUST0036,North,Consumer,Coffee Maker,Home Appliances,4,95,0.05,361.0,265.74,95.26,Debit Card
ORD00146,2025-10-03,CUST0035,West,Corporate,Backpack,Accessories,1,55,0.0,55.0,33.22,21.78,Debit Card
ORD00147,2025-03-21,CUST0227,West,Home Office,Coffee Maker,Home Appliances,5,95,0.1,427.5,325.42,102.08,Credit Card
ORD00148,2025-05-24,CUST0009,East,Consumer,Backpack,Accessories,5,55,0.1,247.5,210.65,36.85,Net Banking
ORD00149,2025-12-18,CUST0095,Central,Home Office,Backpack,Accessories,2,55,0.05,104.5,63.01,41.49,Debit Card
ORD00150,2025-03-04,CUST0243,West,Consumer,Laptop,Electronics,4,650,0.05,2470.0,1543.51,926.49,UPI
ORD00151,2025-06-20,CUST0063,South,Home Office,Coffee Maker,Home Appliances,5,95,0.0,475.0,266.78,208.22,UPI
ORD00152,2025-04-30,CUST0085,South,Home Office,Smartphone,Electronics,5,420,0.0,2100.0,1438.22,661.78,Credit Card
ORD00153,2025-03-31,CUST0029,North,Consumer,Keyboard,Electronics,2,45,0.0,90.0,60.68,29.32,Credit Card
ORD00154,2025-03-31,CUST0068,North,Consumer,Office Chair,Furniture,2,160,0.15,272.0,199.83,72.17,Net Banking
ORD00155,2025-07-05,CUST0132,Central,Consumer,Running Shoes,Fashion,1,75,0.0,75.0,49.47,25.53,Net Banking
ORD00156,2025-12-04,CUST0134,East,Corporate,Running Shoes,Fashion,2,75,0.15,127.5,84.0,43.5,Credit Card
ORD00157,2025-02-25,CUST0126,West,Consumer,Laptop,Electronics,4,650,0.1,2340.0,1684.91,655.09,Credit Card
ORD00158,2025-05-21,CUST0160,Central,Home Office,Office Chair,Furniture,5,160,0.0,800.0,452.09,347.91,Debit Card
ORD00159,2025-09-16,CUST0155,West,Consumer,Desk,Furniture,5,140,0.15,595.0,432.48,162.52,Credit Card
ORD00160,2025-04-27,CUST0106,East,Corporate,Coffee Maker,Home Appliances,5,95,0.0,475.0,308.24,166.76,Net Banking
ORD00161,2025-12-07,CUST0066,East,Consumer,Desk,Furniture,1,140,0.05,133.0,90.74,42.26,Net Banking
ORD00162,2025-02-19,CUST0191,East,Consumer,Smartphone,Electronics,1,420,0.0,420.0,240.01,179.99,Cash on Delivery
ORD00163,2025-12-10,CUST0032,West,Corporate,Laptop,Electronics,5,650,0.15,2762.5,2207.36,555.14,Net Banking
ORD00164,2025-06-30,CUST0027,Central,Home Office,Blender,Home Appliances,1,70,0.05,66.5,48.17,18.33,UPI
ORD00165,2025-06-29,CUST0217,Central,Corporate,Headphones,Electronics,4,80,0.0,320.0,238.36,81.64,Credit Card
ORD00166,2025-10-15,CUST0250,Central,Home Office,Keyboard,Electronics,5,45,0.0,225.0,165.52,59.48,Cash on Delivery
ORD00167,2025-05-20,CUST0180,East,Corporate,Laptop,Electronics,5,650,0.05,3087.5,1809.14,1278.36,Debit Card
ORD00168,2025-07-25,CUST0018,South,Home Office,Laptop,Electronics,2,650,0.0,1300.0,884.33,415.67,Credit Card
ORD00169,2025-08-21,CUST0088,South,Corporate,Smartphone,Electronics,5,420,0.0,2100.0,1336.7,763.3,Debit Card
ORD00170,2025-01-27,CUST0040,South,Home Office,Blender,Home Appliances,3,70,0.15,178.5,144.3,34.2,Credit Card
ORD00171,2025-08-06,CUST0125,Central,Corporate,Coffee Maker,Home Appliances,1,95,0.05,90.25,61.93,28.32,Net Banking
ORD00172,2025-08-09,CUST0029,East,Home Office,Keyboard,Electronics,2,45,0.15,76.5,51.86,24.64,Cash on Delivery
ORD00173,2025-07-22,CUST0154,North,Consumer,Backpack,Accessories,5,55,0.05,261.25,154.12,107.13,UPI
ORD00174,2025-05-29,CUST0084,North,Consumer,Keyboard,Electronics,2,45,0.0,90.0,65.32,24.68,Net Banking
ORD00175,2025-09-30,CUST0181,South,Home Office,Blender,Home Appliances,4,70,0.0,280.0,162.32,117.68,Cash on Delivery
ORD00176,2025-01-22,CUST0112,North,Corporate,Coffee Maker,Home Appliances,3,95,0.0,285.0,182.78,102.22,Credit Card
ORD00177,2025-12-30,CUST0164,West,Corporate,Office Chair,Furniture,5,160,0.1,720.0,545.51,174.49,Credit Card
ORD00178,2025-11-13,CUST0118,East,Consumer,Desk,Furniture,1,140,0.05,133.0,82.53,50.47,Net Banking
ORD00179,2025-09-26,CUST0021,West,Corporate,Smartphone,Electronics,2,420,0.1,756.0,575.77,180.23,Debit Card
ORD00180,2025-11-21,CUST0030,Central,Home Office,Monitor,Electronics,3,180,0.0,540.0,306.49,233.51,UPI
ORD00181,2025-03-16,CUST0066,South,Consumer,Office Chair,Furniture,3,160,0.0,480.0,290.08,189.92,Cash on Delivery
ORD00182,2025-11-18,CUST0127,West,Home Office,Headphones,Electronics,1,80,0.0,80.0,61.5,18.5,Cash on Delivery
ORD00183,2025-11-18,CUST0081,South,Corporate,Backpack,Accessories,5,55,0.15,233.75,171.69,62.06,Credit Card
ORD00184,2025-10-30,CUST0015,East,Home Office,Backpack,Accessories,4,55,0.05,209.0,161.29,47.71,Credit Card
ORD00185,2025-07-08,CUST0213,East,Consumer,Keyboard,Electronics,4,45,0.1,162.0,100.56,61.44,Credit Card
ORD00186,2025-10-25,CUST0142,North,Corporate,T-Shirt,Fashion,5,25,0.15,106.25,79.8,26.45,Cash on Delivery
ORD00187,2025-09-14,CUST0039,North,Corporate,Coffee Maker,Home Appliances,2,95,0.05,180.5,130.94,49.56,Credit Card
ORD00188,2025-01-21,CUST0064,West,Corporate,Office Chair,Furniture,1,160,0.15,136.0,111.78,24.22,Cash on Delivery
ORD00189,2025-05-25,CUST0100,West,Corporate,Running Shoes,Fashion,5,75,0.0,375.0,237.64,137.36,Cash on Delivery
ORD00190,2025-10-13,CUST0174,West,Corporate,Laptop,Electronics,3,650,0.0,1950.0,1220.37,729.63,Debit Card
ORD00191,2025-10-26,CUST0170,South,Corporate,Blender,Home Appliances,5,70,0.0,350.0,219.34,130.66,Debit Card
ORD00192,2025-02-13,CUST0080,Central,Corporate,Coffee Maker,Home Appliances,4,95,0.0,380.0,261.01,118.99,Debit Card
ORD00193,2025-08-05,CUST0131,East,Consumer,Headphones,Electronics,5,80,0.0,400.0,279.43,120.57,Debit Card
ORD00194,2025-09-06,CUST0050,South,Consumer,Keyboard,Electronics,2,45,0.0,90.0,56.57,33.43,UPI
ORD00195,2025-10-04,CUST0214,Central,Consumer,Smartphone,Electronics,3,420,0.0,1260.0,840.13,419.87,Debit Card
ORD00196,2025-03-25,CUST0047,Central,Consumer,T-Shirt,Fashion,2,25,0.15,42.5,31.83,10.67,Net Banking
ORD00197,2025-05-02,CUST0249,West,Home Office,Laptop,Electronics,4,650,0.05,2470.0,1834.47,635.53,Debit Card
ORD00198,2025-06-08,CUST0248,West,Consumer,Blender,Home Appliances,4,70,0.0,280.0,188.39,91.61,Debit Card
ORD00199,2025-05-25,CUST0200,West,Home Office,Coffee Maker,Home Appliances,5,95,0.1,427.5,311.69,115.81,Cash on Delivery
ORD00200,2025-03-12,CUST0224,East,Consumer,Desk,Furniture,2,140,0.0,280.0,205.6,74.4,Net Banking
ORD00201,2025-09-22,CUST0218,North,Corporate,Office Chair,Furniture,5,160,0.0,800.0,570.9,229.1,Credit Card
ORD00202,2025-03-17,CUST0213,West,Consumer,Headphones,Electronics,3,80,0.1,216.0,181.97,34.03,UPI
ORD00203,2025-07-22,CUST0129,East,Consumer,Backpack,Accessories,3,55,0.0,165.0,106.5,58.5,Net Banking
ORD00204,2025-02-20,CUST0215,East,Consumer,Smartphone,Electronics,3,420,0.0,1260.0,701.17,558.83,UPI
ORD00205,2025-03-13,CUST0195,West,Corporate,Laptop,Electronics,3,650,0.1,1755.0,1384.69,370.31,Cash on Delivery
ORD00206,2025-03-18,CUST0141,Central,Home Office,Laptop,Electronics,1,650,0.0,650.0,395.76,254.24,Net Banking
ORD00207,2025-01-25,CUST0062,West,Home Office,Smartphone,Electronics,3,420,0.0,1260.0,780.27,479.73,Cash on Delivery
ORD00208,2025-09-13,CUST0153,Central,Consumer,Backpack,Accessories,1,55,0.0,55.0,40.83,14.17,Cash on Delivery
ORD00209,2025-01-01,CUST0158,East,Consumer,T-Shirt,Fashion,2,25,0.0,50.0,30.85,19.15,Cash on Delivery
ORD00210,2025-07-04,CUST0018,Central,Home Office,Desk,Furniture,2,140,0.0,280.0,187.71,92.29,Cash on Delivery
ORD00211,2025-08-29,CUST0012,West,Corporate,Running Shoes,Fashion,5,75,0.0,375.0,239.93,135.07,Debit Card
ORD00212,2025-06-26,CUST0062,North,Home Office,Blender,Home Appliances,1,70,0.05,66.5,51.2,15.3,Debit Card
ORD00213,2025-11-26,CUST0045,West,Home Office,Headphones,Electronics,1,80,0.05,76.0,54.05,21.95,Net Banking
ORD00214,2025-08-23,CUST0010,East,Consumer,Coffee Maker,Home Appliances,2,95,0.0,190.0,107.26,82.74,Credit Card
ORD00215,2025-09-21,CUST0102,Central,Corporate,Monitor,Electronics,1,180,0.05,171.0,137.64,33.36,Debit Card
ORD00216,2025-01-25,CUST0222,East,Corporate,Laptop,Electronics,2,650,0.05,1235.0,821.74,413.26,Credit Card
ORD00217,2025-07-17,CUST0087,South,Corporate,Office Chair,Furniture,4,160,0.1,576.0,461.41,114.59,Net Banking
ORD00218,2025-08-06,CUST0021,West,Home Office,Office Chair,Furniture,5,160,0.05,760.0,587.41,172.59,UPI
ORD00219,2025-06-17,CUST0170,East,Corporate,Running Shoes,Fashion,3,75,0.05,213.75,129.06,84.69,Net Banking
ORD00220,2025-06-29,CUST0115,North,Home Office,T-Shirt,Fashion,4,25,0.0,100.0,70.86,29.14,Debit Card
ORD00221,2025-01-30,CUST0020,West,Corporate,T-Shirt,Fashion,4,25,0.05,95.0,69.71,25.29,Cash on Delivery
ORD00222,2025-11-08,CUST0174,West,Consumer,Blender,Home Appliances,2,70,0.0,140.0,81.6,58.4,UPI
ORD00223,2025-10-18,CUST0009,Central,Consumer,Smartphone,Electronics,2,420,0.05,798.0,531.97,266.03,Net Banking
ORD00224,2025-10-21,CUST0036,Central,Corporate,Office Chair,Furniture,3,160,0.1,432.0,348.24,83.76,Net Banking
ORD00225,2025-01-14,CUST0189,South,Corporate,Office Chair,Furniture,3,160,0.0,480.0,370.04,109.96,Cash on Delivery
ORD00226,2025-05-14,CUST0181,West,Consumer,Desk,Furniture,5,140,0.0,700.0,427.15,272.85,Cash on Delivery
ORD00227,2025-02-07,CUST0116,South,Home Office,Keyboard,Electronics,4,45,0.0,180.0,104.08,75.92,Net Banking
ORD00228,2025-10-09,CUST0139,East,Corporate,Smartphone,Electronics,3,420,0.05,1197.0,898.62,298.38,UPI
ORD00229,2025-03-04,CUST0052,South,Consumer,Blender,Home Appliances,2,70,0.05,133.0,93.38,39.62,Net Banking
ORD00230,2025-08-28,CUST0206,Central,Consumer,Laptop,Electronics,3,650,0.15,1657.5,1329.17,328.33,Cash on Delivery
ORD00231,2025-09-03,CUST0135,West,Corporate,Smartphone,Electronics,1,420,0.05,399.0,269.46,129.54,Cash on Delivery
ORD00232,2025-08-19,CUST0120,Central,Corporate,Smartphone,Electronics,2,420,0.05,798.0,586.1,211.9,UPI
ORD00233,2025-03-08,CUST0111,Central,Consumer,Running Shoes,Fashion,5,75,0.0,375.0,272.47,102.53,Credit Card
ORD00234,2025-06-15,CUST0240,South,Corporate,Running Shoes,Fashion,2,75,0.05,142.5,88.18,54.32,Cash on Delivery
ORD00235,2025-10-10,CUST0071,South,Home Office,Keyboard,Electronics,1,45,0.05,42.75,26.78,15.97,Debit Card
ORD00236,2025-03-28,CUST0152,Central,Consumer,T-Shirt,Fashion,5,25,0.0,125.0,83.2,41.8,UPI
ORD00237,2025-10-16,CUST0011,North,Consumer,Coffee Maker,Home Appliances,5,95,0.15,403.75,298.13,105.62,Credit Card
ORD00238,2025-10-20,CUST0107,Central,Home Office,Coffee Maker,Home Appliances,5,95,0.05,451.25,332.39,118.86,Credit Card
ORD00239,2025-06-04,CUST0124,South,Home Office,Backpack,Accessories,5,55,0.05,261.25,191.85,69.4,Net Banking
ORD00240,2025-03-22,CUST0113,West,Corporate,Keyboard,Electronics,4,45,0.0,180.0,127.51,52.49,Net Banking
ORD00241,2025-06-13,CUST0188,East,Corporate,Monitor,Electronics,3,180,0.15,459.0,314.84,144.16,UPI
ORD00242,2025-05-04,CUST0120,North,Corporate,Office Chair,Furniture,5,160,0.15,680.0,459.54,220.46,Net Banking
ORD00243,2025-07-16,CUST0222,Central,Corporate,Monitor,Electronics,2,180,0.0,360.0,202.19,157.81,UPI
ORD00244,2025-04-08,CUST0196,South,Corporate,Headphones,Electronics,3,80,0.15,204.0,171.81,32.19,Cash on Delivery
ORD00245,2025-02-16,CUST0242,West,Home Office,Backpack,Accessories,4,55,0.05,209.0,146.17,62.83,Net Banking
ORD00246,2025-01-26,CUST0073,West,Home Office,Monitor,Electronics,2,180,0.15,306.0,227.22,78.78,Net Banking
ORD00247,2025-08-09,CUST0035,East,Home Office,Keyboard,Electronics,5,45,0.0,225.0,167.59,57.41,Debit Card
ORD00248,2025-10-19,CUST0144,South,Corporate,Desk,Furniture,3,140,0.0,420.0,269.7,150.3,Cash on Delivery
ORD00249,2025-10-09,CUST0072,Central,Home Office,Keyboard,Electronics,1,45,0.1,40.5,29.97,10.53,Cash on Delivery
ORD00250,2025-06-23,CUST0143,East,Consumer,Smartphone,Electronics,2,420,0.0,840.0,538.1,301.9,UPI
ORD00251,2025-01-24,CUST0010,South,Home Office,T-Shirt,Fashion,5,25,0.1,112.5,83.13,29.37,Debit Card
ORD00252,2025-09-21,CUST0036,East,Home Office,Backpack,Accessories,5,55,0.1,247.5,160.67,86.83,Debit Card
ORD00253,2025-06-03,CUST0152,East,Home Office,Headphones,Electronics,4,80,0.15,272.0,230.41,41.59,Cash on Delivery
ORD00254,2025-01-09,CUST0095,East,Home Office,Running Shoes,Fashion,4,75,0.15,255.0,185.69,69.31,Credit Card
ORD00255,2025-12-19,CUST0162,North,Home Office,Desk,Furniture,5,140,0.05,665.0,513.28,151.72,Net Banking
ORD00256,2025-01-27,CUST0150,West,Consumer,Keyboard,Electronics,5,45,0.15,191.25,135.53,55.72,Cash on Delivery
ORD00257,2025-12-15,CUST0063,North,Home Office,Coffee Maker,Home Appliances,5,95,0.1,427.5,277.39,150.11,Credit Card
ORD00258,2025-03-19,CUST0106,South,Corporate,Monitor,Electronics,1,180,0.1,162.0,111.99,50.01,Cash on Delivery
ORD00259,2025-09-23,CUST0054,Central,Corporate,T-Shirt,Fashion,4,25,0.0,100.0,71.23,28.77,Net Banking
ORD00260,2025-08-24,CUST0234,Central,Corporate,Running Shoes,Fashion,4,75,0.05,285.0,231.01,53.99,Cash on Delivery
ORD00261,2025-05-07,CUST0072,Central,Corporate,Office Chair,Furniture,3,160,0.15,408.0,317.45,90.55,UPI
ORD00262,2025-09-08,CUST0082,West,Corporate,Keyboard,Electronics,3,45,0.0,135.0,95.68,39.32,Cash on Delivery
ORD00263,2025-12-13,CUST0140,West,Corporate,Blender,Home Appliances,3,70,0.05,199.5,121.39,78.11,Debit Card
ORD00264,2025-02-10,CUST0089,West,Home Office,Headphones,Electronics,3,80,0.0,240.0,147.88,92.12,Debit Card
ORD00265,2025-10-03,CUST0070,Central,Home Office,Blender,Home Appliances,4,70,0.0,280.0,167.01,112.99,Debit Card
ORD00266,2025-05-03,CUST0063,North,Home Office,Headphones,Electronics,1,80,0.15,68.0,57.63,10.37,Cash on Delivery
ORD00267,2025-06-19,CUST0184,West,Consumer,Monitor,Electronics,2,180,0.0,360.0,206.3,153.7,UPI
ORD00268,2025-09-01,CUST0123,South,Corporate,Laptop,Electronics,5,650,0.0,3250.0,2091.66,1158.34,Debit Card
ORD00269,2025-04-29,CUST0137,North,Consumer,Keyboard,Electronics,1,45,0.0,45.0,31.5,13.5,Net Banking
ORD00270,2025-04-06,CUST0240,East,Consumer,Headphones,Electronics,1,80,0.1,72.0,58.5,13.5,Credit Card
ORD00271,2025-06-21,CUST0073,West,Home Office,Keyboard,Electronics,5,45,0.15,191.25,129.3,61.95,Cash on Delivery
ORD00272,2025-08-28,CUST0070,South,Consumer,Running Shoes,Fashion,4,75,0.0,300.0,223.72,76.28,Debit Card
ORD00273,2025-01-08,CUST0189,East,Corporate,Headphones,Electronics,4,80,0.05,304.0,228.89,75.11,Cash on Delivery
ORD00274,2025-11-24,CUST0230,West,Corporate,Coffee Maker,Home Appliances,2,95,0.0,190.0,131.2,58.8,Cash on Delivery
ORD00275,2025-04-05,CUST0036,West,Corporate,Office Chair,Furniture,1,160,0.1,144.0,112.63,31.37,UPI
ORD00276,2025-05-17,CUST0245,East,Corporate,Laptop,Electronics,3,650,0.1,1755.0,1178.13,576.87,Cash on Delivery
ORD00277,2025-07-04,CUST0178,South,Consumer,Blender,Home Appliances,5,70,0.0,350.0,213.56,136.44,Credit Card
ORD00278,2025-09-15,CUST0237,East,Home Office,Backpack,Accessories,3,55,0.0,165.0,106.14,58.86,Credit Card
ORD00279,2025-04-23,CUST0246,South,Corporate,Coffee Maker,Home Appliances,3,95,0.05,270.75,197.04,73.71,UPI
ORD00280,2025-10-09,CUST0234,West,Home Office,Backpack,Accessories,5,55,0.05,261.25,177.55,83.7,UPI
ORD00281,2025-09-28,CUST0181,East,Consumer,Monitor,Electronics,5,180,0.0,900.0,603.78,296.22,Cash on Delivery
ORD00282,2025-04-14,CUST0147,Central,Consumer,Smartphone,Electronics,1,420,0.15,357.0,318.22,38.78,UPI
ORD00283,2025-04-16,CUST0184,Central,Corporate,Office Chair,Furniture,5,160,0.1,720.0,461.39,258.61,Credit Card
ORD00284,2025-09-20,CUST0107,West,Home Office,Running Shoes,Fashion,4,75,0.0,300.0,196.29,103.71,Credit Card
ORD00285,2025-07-22,CUST0066,North,Home Office,Running Shoes,Fashion,4,75,0.05,285.0,214.91,70.09,UPI
ORD00286,2025-12-25,CUST0017,Central,Consumer,T-Shirt,Fashion,1,25,0.0,25.0,16.19,8.81,Credit Card
ORD00287,2025-03-11,CUST0197,West,Corporate,Backpack,Accessories,1,55,0.05,52.25,35.42,16.83,Net Banking
ORD00288,2025-12-05,CUST0224,Central,Consumer,Backpack,Accessories,4,55,0.1,198.0,125.06,72.94,Debit Card
ORD00289,2025-03-07,CUST0187,South,Consumer,Smartphone,Electronics,2,420,0.15,714.0,537.94,176.06,Credit Card
ORD00290,2025-07-14,CUST0211,South,Consumer,Keyboard,Electronics,4,45,0.15,153.0,116.56,36.44,Net Banking
ORD00291,2025-02-27,CUST0009,West,Home Office,Office Chair,Furniture,2,160,0.05,304.0,189.87,114.13,Credit Card
ORD00292,2025-01-18,CUST0115,Central,Home Office,Monitor,Electronics,2,180,0.0,360.0,206.35,153.65,Credit Card
ORD00293,2025-10-04,CUST0056,North,Consumer,Monitor,Electronics,1,180,0.1,162.0,117.17,44.83,Cash on Delivery
ORD00294,2025-11-03,CUST0198,East,Consumer,Keyboard,Electronics,2,45,0.15,76.5,56.1,20.4,Debit Card
ORD00295,2025-05-21,CUST0016,Central,Home Office,Headphones,Electronics,5,80,0.0,400.0,258.05,141.95,UPI
ORD00296,2025-06-26,CUST0242,West,Home Office,Coffee Maker,Home Appliances,4,95,0.15,323.0,252.32,70.68,Debit Card
ORD00297,2025-07-12,CUST0048,Central,Corporate,Blender,Home Appliances,4,70,0.1,252.0,163.61,88.39,UPI
ORD00298,2025-01-30,CUST0144,West,Corporate,Monitor,Electronics,3,180,0.0,540.0,397.08,142.92,Cash on Delivery
ORD00299,2025-04-15,CUST0085,North,Corporate,Running Shoes,Fashion,2,75,0.1,135.0,90.88,44.12,Debit Card
ORD00300,2025-07-13,CUST0173,Central,Home Office,Smartphone,Electronics,5,420,0.0,2100.0,1179.89,920.11,Credit Card
ORD00301,2025-10-14,CUST0056,West,Consumer,Smartphone,Electronics,2,420,0.15,714.0,601.94,112.06,Debit Card
ORD00302,2025-03-02,CUST0192,West,Consumer,Keyboard,Electronics,1,45,0.0,45.0,34.45,10.55,Cash on Delivery
ORD00303,2025-10-10,CUST0083,East,Corporate,Blender,Home Appliances,2,70,0.1,126.0,106.47,19.53,Net Banking
ORD00304,2025-09-20,CUST0226,West,Corporate,Running Shoes,Fashion,3,75,0.05,213.75,137.29,76.46,Credit Card
ORD00305,2025-07-09,CUST0081,West,Consumer,Blender,Home Appliances,4,70,0.05,266.0,212.88,53.12,Cash on Delivery
ORD00306,2025-10-27,CUST0149,West,Corporate,Monitor,Electronics,2,180,0.0,360.0,219.59,140.41,UPI
ORD00307,2025-05-06,CUST0128,Central,Home Office,Monitor,Electronics,3,180,0.0,540.0,344.18,195.82,Debit Card
ORD00308,2025-06-30,CUST0044,South,Home Office,Keyboard,Electronics,4,45,0.1,162.0,118.08,43.92,Cash on Delivery
ORD00309,2025-01-31,CUST0135,North,Consumer,Backpack,Accessories,2,55,0.15,93.5,85.56,7.94,Credit Card
ORD00310,2025-04-29,CUST0018,South,Consumer,Laptop,Electronics,4,650,0.0,2600.0,1933.84,666.16,UPI
ORD00311,2025-11-23,CUST0171,Central,Corporate,Running Shoes,Fashion,4,75,0.05,285.0,169.17,115.83,Net Banking
ORD00312,2025-01-07,CUST0005,Central,Home Office,Laptop,Electronics,1,650,0.15,552.5,439.97,112.53,Debit Card
ORD00313,2025-12-24,CUST0173,West,Consumer,Running Shoes,Fashion,3,75,0.0,225.0,149.74,75.26,Credit Card
ORD00314,2025-11-14,CUST0135,East,Corporate,Smartphone,Electronics,5,420,0.0,2100.0,1271.39,828.61,Debit Card
ORD00315,2025-08-24,CUST0145,South,Home Office,Desk,Furniture,1,140,0.05,133.0,107.89,25.11,UPI
ORD00316,2025-07-14,CUST0097,Central,Corporate,Keyboard,Electronics,1,45,0.0,45.0,25.72,19.28,Credit Card
ORD00317,2025-08-11,CUST0166,East,Home Office,Coffee Maker,Home Appliances,1,95,0.0,95.0,54.06,40.94,Credit Card
ORD00318,2025-12-21,CUST0228,Central,Corporate,Running Shoes,Fashion,1,75,0.0,75.0,44.9,30.1,Debit Card
ORD00319,2025-10-16,CUST0169,North,Consumer,Laptop,Electronics,1,650,0.05,617.5,491.95,125.55,Debit Card
ORD00320,2025-12-31,CUST0211,West,Consumer,Laptop,Electronics,2,650,0.15,1105.0,758.11,346.89,Debit Card
ORD00321,2025-07-19,CUST0174,Central,Corporate,Headphones,Electronics,5,80,0.0,400.0,272.14,127.86,Net Banking
ORD00322,2025-06-27,CUST0014,North,Corporate,Blender,Home Appliances,2,70,0.0,140.0,93.13,46.87,UPI
ORD00323,2025-11-01,CUST0102,East,Consumer,Smartphone,Electronics,3,420,0.15,1071.0,915.86,155.14,Debit Card
ORD00324,2025-07-12,CUST0111,South,Home Office,Backpack,Accessories,4,55,0.0,220.0,139.0,81.0,Cash on Delivery
ORD00325,2025-06-01,CUST0205,South,Home Office,Coffee Maker,Home Appliances,4,95,0.0,380.0,276.49,103.51,Credit Card
ORD00326,2025-11-21,CUST0040,West,Corporate,Smartphone,Electronics,3,420,0.0,1260.0,803.12,456.88,Debit Card
ORD00327,2025-08-16,CUST0093,East,Consumer,Smartphone,Electronics,1,420,0.0,420.0,322.09,97.91,UPI
ORD00328,2025-10-12,CUST0132,West,Consumer,Smartphone,Electronics,2,420,0.1,756.0,548.72,207.28,Credit Card
ORD00329,2025-11-03,CUST0201,East,Corporate,Smartphone,Electronics,3,420,0.15,1071.0,719.97,351.03,Credit Card
ORD00330,2025-10-14,CUST0232,South,Home Office,Keyboard,Electronics,4,45,0.1,162.0,131.26,30.74,Cash on Delivery
ORD00331,2025-06-04,CUST0069,West,Consumer,Headphones,Electronics,4,80,0.0,320.0,186.22,133.78,Credit Card
ORD00332,2025-09-05,CUST0201,North,Corporate,Headphones,Electronics,4,80,0.05,304.0,206.99,97.01,Debit Card
ORD00333,2025-08-23,CUST0028,South,Corporate,Monitor,Electronics,4,180,0.15,612.0,498.12,113.88,Credit Card
ORD00334,2025-06-18,CUST0113,East,Corporate,Desk,Furniture,3,140,0.15,357.0,267.7,89.3,Cash on Delivery
ORD00335,2025-12-22,CUST0052,West,Corporate,Headphones,Electronics,3,80,0.05,228.0,165.3,62.7,UPI
ORD00336,2025-11-21,CUST0126,Central,Consumer,Desk,Furniture,3,140,0.05,399.0,301.99,97.01,Debit Card
ORD00337,2025-10-16,CUST0052,Central,Home Office,Desk,Furniture,3,140,0.1,378.0,266.26,111.74,UPI
ORD00338,2025-08-25,CUST0242,South,Corporate,Coffee Maker,Home Appliances,5,95,0.0,475.0,365.37,109.63,Debit Card
ORD00339,2025-03-13,CUST0163,East,Consumer,Blender,Home Appliances,1,70,0.1,63.0,49.33,13.67,Debit Card
ORD00340,2025-02-07,CUST0115,Central,Corporate,Coffee Maker,Home Appliances,2,95,0.1,171.0,138.98,32.02,Cash on Delivery
ORD00341,2025-12-21,CUST0108,Central,Consumer,Desk,Furniture,5,140,0.15,595.0,533.68,61.32,Debit Card
ORD00342,2025-02-13,CUST0028,South,Home Office,Blender,Home Appliances,5,70,0.15,297.5,243.87,53.63,Debit Card
ORD00343,2025-11-27,CUST0174,West,Corporate,Headphones,Electronics,5,80,0.0,400.0,271.82,128.18,Net Banking
ORD00344,2025-09-19,CUST0192,Central,Home Office,Smartphone,Electronics,1,420,0.0,420.0,255.99,164.01,Cash on Delivery
ORD00345,2025-07-20,CUST0119,Central,Home Office,Blender,Home Appliances,5,70,0.0,350.0,228.39,121.61,Cash on Delivery
ORD00346,2025-06-01,CUST0107,North,Consumer,Headphones,Electronics,3,80,0.0,240.0,158.65,81.35,UPI
ORD00347,2025-04-16,CUST0134,West,Corporate,Office Chair,Furniture,3,160,0.05,456.0,314.27,141.73,Net Banking
ORD00348,2025-06-03,CUST0012,North,Consumer,Smartphone,Electronics,4,420,0.1,1512.0,1047.23,464.77,Debit Card
ORD00349,2025-05-05,CUST0133,South,Home Office,Coffee Maker,Home Appliances,1,95,0.0,95.0,72.57,22.43,UPI
ORD00350,2025-04-29,CUST0205,West,Home Office,Office Chair,Furniture,5,160,0.1,720.0,616.36,103.64,UPI
ORD00351,2025-11-11,CUST0227,South,Corporate,Headphones,Electronics,4,80,0.1,288.0,178.15,109.85,Cash on Delivery
ORD00352,2025-04-16,CUST0072,North,Home Office,Desk,Furniture,4,140,0.0,560.0,398.77,161.23,Credit Card
ORD00353,2025-08-23,CUST0030,East,Home Office,Running Shoes,Fashion,2,75,0.05,142.5,93.75,48.75,Net Banking
ORD00354,2025-07-20,CUST0151,North,Corporate,Running Shoes,Fashion,3,75,0.15,191.25,143.86,47.39,Debit Card
ORD00355,2025-12-28,CUST0205,East,Home Office,Backpack,Accessories,5,55,0.0,275.0,202.72,72.28,Cash on Delivery
ORD00356,2025-06-06,CUST0030,South,Corporate,Smartphone,Electronics,2,420,0.05,798.0,484.77,313.23,UPI
ORD00357,2025-10-22,CUST0099,West,Consumer,Running Shoes,Fashion,4,75,0.1,270.0,206.15,63.85,Net Banking
ORD00358,2025-09-08,CUST0074,South,Consumer,Coffee Maker,Home Appliances,5,95,0.0,475.0,321.87,153.13,Debit Card
ORD00359,2025-01-05,CUST0125,South,Consumer,Backpack,Accessories,5,55,0.0,275.0,205.99,69.01,Net Banking
ORD00360,2025-09-09,CUST0107,West,Corporate,Running Shoes,Fashion,5,75,0.1,337.5,241.54,95.96,UPI
ORD00361,2025-04-23,CUST0075,North,Corporate,Smartphone,Electronics,5,420,0.0,2100.0,1539.41,560.59,UPI
ORD00362,2025-10-17,CUST0191,West,Home Office,Running Shoes,Fashion,3,75,0.0,225.0,164.15,60.85,Cash on Delivery
ORD00363,2025-10-06,CUST0211,East,Home Office,Smartphone,Electronics,5,420,0.0,2100.0,1284.39,815.61,Credit Card
ORD00364,2025-08-06,CUST0027,South,Corporate,Blender,Home Appliances,4,70,0.15,238.0,168.07,69.93,Credit Card
ORD00365,2025-02-14,CUST0113,North,Consumer,Backpack,Accessories,3,55,0.05,156.75,123.47,33.28,UPI
ORD00366,2025-11-09,CUST0162,West,Consumer,Blender,Home Appliances,5,70,0.05,332.5,261.81,70.69,Cash on Delivery
ORD00367,2025-10-19,CUST0090,Central,Corporate,Headphones,Electronics,2,80,0.0,160.0,117.64,42.36,Cash on Delivery
ORD00368,2025-05-30,CUST0075,Central,Corporate,Running Shoes,Fashion,2,75,0.05,142.5,116.28,26.22,Cash on Delivery
ORD00369,2025-07-30,CUST0236,North,Corporate,Coffee Maker,Home Appliances,1,95,0.0,95.0,73.29,21.71,UPI
ORD00370,2025-06-14,CUST0213,South,Home Office,Blender,Home Appliances,2,70,0.0,140.0,81.71,58.29,Net Banking
ORD00371,2025-11-18,CUST0107,West,Corporate,Backpack,Accessories,2,55,0.15,93.5,76.5,17.0,Credit Card
ORD00372,2025-05-23,CUST0178,East,Corporate,Coffee Maker,Home Appliances,1,95,0.1,85.5,63.52,21.98,Net Banking
ORD00373,2025-02-17,CUST0188,West,Home Office,Office Chair,Furniture,5,160,0.0,800.0,599.88,200.12,Debit Card
ORD00374,2025-08-08,CUST0212,South,Corporate,Smartphone,Electronics,5,420,0.1,1890.0,1260.21,629.79,Debit Card
ORD00375,2025-03-08,CUST0145,West,Corporate,Office Chair,Furniture,3,160,0.05,456.0,324.42,131.58,Credit Card
ORD00376,2025-03-22,CUST0113,West,Consumer,Laptop,Electronics,1,650,0.1,585.0,359.93,225.07,Net Banking
ORD00377,2025-05-21,CUST0024,East,Corporate,Monitor,Electronics,2,180,0.05,342.0,211.16,130.84,Credit Card
ORD00378,2025-06-06,CUST0186,South,Corporate,Office Chair,Furniture,2,160,0.0,320.0,205.17,114.83,Credit Card
ORD00379,2025-02-09,CUST0034,Central,Consumer,Blender,Home Appliances,1,70,0.0,70.0,41.94,28.06,Cash on Delivery
ORD00380,2025-06-25,CUST0210,North,Corporate,Coffee Maker,Home Appliances,4,95,0.0,380.0,209.7,170.3,UPI
ORD00381,2025-02-22,CUST0027,East,Corporate,Backpack,Accessories,1,55,0.0,55.0,35.1,19.9,Debit Card
ORD00382,2025-12-13,CUST0037,North,Home Office,Headphones,Electronics,4,80,0.0,320.0,223.22,96.78,Cash on Delivery
ORD00383,2025-04-20,CUST0161,South,Corporate,Laptop,Electronics,5,650,0.0,3250.0,2116.47,1133.53,Cash on Delivery
ORD00384,2025-02-21,CUST0036,North,Home Office,Coffee Maker,Home Appliances,4,95,0.0,380.0,216.58,163.42,Net Banking
ORD00385,2025-05-07,CUST0071,North,Consumer,Office Chair,Furniture,4,160,0.05,608.0,468.45,139.55,Cash on Delivery
ORD00386,2025-12-20,CUST0007,East,Consumer,T-Shirt,Fashion,5,25,0.15,106.25,76.94,29.31,Cash on Delivery
ORD00387,2025-06-01,CUST0166,North,Consumer,T-Shirt,Fashion,5,25,0.0,125.0,90.25,34.75,Net Banking
ORD00388,2025-11-01,CUST0019,Central,Consumer,Desk,Furniture,1,140,0.0,140.0,93.09,46.91,Debit Card
ORD00389,2025-10-19,CUST0108,East,Home Office,Office Chair,Furniture,2,160,0.1,288.0,239.36,48.64,UPI
ORD00390,2025-01-08,CUST0068,South,Consumer,Backpack,Accessories,1,55,0.0,55.0,37.68,17.32,Credit Card
ORD00391,2025-09-14,CUST0197,West,Corporate,Desk,Furniture,5,140,0.05,665.0,486.2,178.8,Net Banking
ORD00392,2025-05-23,CUST0022,East,Consumer,Smartphone,Electronics,5,420,0.15,1785.0,1452.55,332.45,Cash on Delivery
ORD00393,2025-10-28,CUST0163,North,Corporate,Monitor,Electronics,2,180,0.15,306.0,225.05,80.95,Net Banking
ORD00394,2025-08-11,CUST0030,West,Home Office,Blender,Home Appliances,2,70,0.0,140.0,84.87,55.13,Cash on Delivery
ORD00395,2025-12-29,CUST0036,North,Consumer,Laptop,Electronics,3,650,0.0,1950.0,1126.07,823.93,Net Banking
ORD00396,2025-05-13,CUST0043,East,Consumer,Office Chair,Furniture,5,160,0.15,680.0,584.07,95.93,Debit Card
ORD00397,2025-08-08,CUST0070,Central,Consumer,Blender,Home Appliances,1,70,0.0,70.0,43.89,26.11,Debit Card
ORD00398,2025-09-19,CUST0093,North,Corporate,Blender,Home Appliances,5,70,0.0,350.0,232.44,117.56,Cash on Delivery
ORD00399,2025-02-22,CUST0229,Central,Home Office,Headphones,Electronics,3,80,0.0,240.0,146.08,93.92,Credit Card
ORD00400,2025-01-07,CUST0063,North,Corporate,Monitor,Electronics,5,180,0.0,900.0,504.12,395.88,Debit Card
ORD00401,2025-01-19,CUST0142,West,Consumer,Desk,Furniture,2,140,0.0,280.0,213.97,66.03,Debit Card
ORD00402,2025-02-09,CUST0147,East,Consumer,Monitor,Electronics,4,180,0.05,684.0,440.92,243.08,Cash on Delivery
ORD00403,2025-09-22,CUST0012,West,Consumer,Coffee Maker,Home Appliances,1,95,0.0,95.0,57.13,37.87,Net Banking
ORD00404,2025-08-22,CUST0003,East,Consumer,Keyboard,Electronics,3,45,0.05,128.25,76.93,51.32,Debit Card
ORD00405,2025-07-08,CUST0152,West,Consumer,T-Shirt,Fashion,3,25,0.15,63.75,45.43,18.32,Cash on Delivery
ORD00406,2025-01-13,CUST0060,Central,Corporate,Monitor,Electronics,2,180,0.0,360.0,275.2,84.8,Credit Card
ORD00407,2025-06-07,CUST0027,South,Home Office,Office Chair,Furniture,1,160,0.1,144.0,119.24,24.76,UPI
ORD00408,2025-03-14,CUST0183,East,Consumer,Desk,Furniture,4,140,0.0,560.0,433.27,126.73,Credit Card
ORD00409,2025-07-10,CUST0118,North,Home Office,Monitor,Electronics,5,180,0.1,810.0,640.08,169.92,Credit Card
ORD00410,2025-10-18,CUST0016,West,Home Office,Running Shoes,Fashion,2,75,0.1,135.0,85.08,49.92,UPI
ORD00411,2025-07-21,CUST0180,East,Corporate,Monitor,Electronics,3,180,0.05,513.0,402.68,110.32,Net Banking
ORD00412,2025-03-11,CUST0200,Central,Consumer,Keyboard,Electronics,2,45,0.0,90.0,69.03,20.97,UPI
ORD00413,2025-07-28,CUST0031,Central,Corporate,Smartphone,Electronics,2,420,0.1,756.0,552.04,203.96,UPI
ORD00414,2025-03-03,CUST0024,South,Home Office,Backpack,Accessories,3,55,0.1,148.5,100.81,47.69,Debit Card
ORD00415,2025-06-17,CUST0038,North,Home Office,Blender,Home Appliances,5,70,0.0,350.0,209.81,140.19,UPI
ORD00416,2025-06-03,CUST0067,South,Consumer,Office Chair,Furniture,4,160,0.15,544.0,359.21,184.79,Net Banking
ORD00417,2025-08-25,CUST0027,South,Consumer,Backpack,Accessories,5,55,0.15,233.75,167.05,66.7,Credit Card
ORD00418,2025-07-25,CUST0096,North,Home Office,Laptop,Electronics,2,650,0.0,1300.0,774.24,525.76,Cash on Delivery
ORD00419,2025-04-12,CUST0232,West,Consumer,Keyboard,Electronics,1,45,0.0,45.0,35.07,9.93,Credit Card
ORD00420,2025-01-26,CUST0044,Central,Corporate,Office Chair,Furniture,1,160,0.0,160.0,122.68,37.32,Net Banking
ORD00421,2025-03-30,CUST0091,South,Consumer,Backpack,Accessories,1,55,0.1,49.5,38.89,10.61,Debit Card
ORD00422,2025-11-14,CUST0158,South,Home Office,Keyboard,Electronics,4,45,0.0,180.0,100.43,79.57,Debit Card
ORD00423,2025-02-14,CUST0072,West,Consumer,Backpack,Accessories,4,55,0.15,187.0,145.24,41.76,Net Banking
ORD00424,2025-10-06,CUST0204,North,Corporate,Monitor,Electronics,5,180,0.0,900.0,625.57,274.43,Debit Card
ORD00425,2025-10-17,CUST0129,East,Corporate,Backpack,Accessories,5,55,0.1,247.5,173.01,74.49,Debit Card
ORD00426,2025-01-16,CUST0230,East,Consumer,Headphones,Electronics,1,80,0.05,76.0,54.99,21.01,Net Banking
ORD00427,2025-03-23,CUST0026,South,Home Office,Running Shoes,Fashion,3,75,0.15,191.25,175.48,15.77,UPI
ORD00428,2025-04-23,CUST0148,West,Corporate,Keyboard,Electronics,5,45,0.0,225.0,163.29,61.71,UPI
ORD00429,2025-12-24,CUST0092,Central,Consumer,Headphones,Electronics,2,80,0.15,136.0,99.7,36.3,Debit Card
ORD00430,2025-04-07,CUST0215,West,Home Office,T-Shirt,Fashion,5,25,0.0,125.0,84.94,40.06,Debit Card
ORD00431,2025-04-30,CUST0155,South,Consumer,Headphones,Electronics,4,80,0.0,320.0,182.64,137.36,Cash on Delivery
ORD00432,2025-04-14,CUST0207,South,Corporate,Backpack,Accessories,1,55,0.05,52.25,41.86,10.39,UPI
ORD00433,2025-12-27,CUST0235,South,Consumer,Office Chair,Furniture,1,160,0.0,160.0,93.44,66.56,Cash on Delivery
ORD00434,2025-12-06,CUST0102,Central,Consumer,Office Chair,Furniture,1,160,0.05,152.0,113.93,38.07,Debit Card
ORD00435,2025-08-12,CUST0203,West,Home Office,Keyboard,Electronics,3,45,0.0,135.0,104.55,30.45,Debit Card
ORD00436,2025-04-25,CUST0171,Central,Consumer,Headphones,Electronics,5,80,0.15,340.0,292.4,47.6,Net Banking
ORD00437,2025-01-01,CUST0243,Central,Corporate,Keyboard,Electronics,3,45,0.0,135.0,79.77,55.23,Cash on Delivery
ORD00438,2025-11-10,CUST0057,Central,Consumer,Laptop,Electronics,2,650,0.15,1105.0,810.15,294.85,Net Banking
ORD00439,2025-06-13,CUST0043,North,Home Office,Headphones,Electronics,3,80,0.0,240.0,145.14,94.86,Debit Card
ORD00440,2025-12-21,CUST0018,East,Corporate,Backpack,Accessories,1,55,0.05,52.25,32.9,19.35,Credit Card
ORD00441,2025-08-03,CUST0249,South,Corporate,Blender,Home Appliances,1,70,0.0,70.0,44.71,25.29,Net Banking
ORD00442,2025-09-03,CUST0202,Central,Home Office,Desk,Furniture,3,140,0.15,357.0,267.26,89.74,UPI
ORD00443,2025-01-18,CUST0076,North,Corporate,Headphones,Electronics,4,80,0.0,320.0,234.82,85.18,Debit Card
ORD00444,2025-07-12,CUST0042,North,Home Office,Smartphone,Electronics,1,420,0.05,399.0,247.43,151.57,Credit Card
ORD00445,2025-12-27,CUST0008,West,Home Office,Office Chair,Furniture,5,160,0.15,680.0,604.35,75.65,UPI
ORD00446,2025-06-19,CUST0053,South,Corporate,T-Shirt,Fashion,4,25,0.0,100.0,56.23,43.77,Cash on Delivery
ORD00447,2025-06-02,CUST0061,North,Consumer,Blender,Home Appliances,5,70,0.05,332.5,245.68,86.82,Net Banking
ORD00448,2025-07-04,CUST0001,West,Consumer,T-Shirt,Fashion,5,25,0.1,112.5,73.17,39.33,Debit Card
ORD00449,2025-01-14,CUST0053,South,Home Office,Coffee Maker,Home Appliances,5,95,0.1,427.5,283.06,144.44,Debit Card
ORD00450,2025-07-23,CUST0121,West,Home Office,Smartphone,Electronics,4,420,0.0,1680.0,1043.15,636.85,Debit Card
ORD00451,2025-07-15,CUST0095,South,Corporate,Smartphone,Electronics,5,420,0.1,1890.0,1244.3,645.7,Credit Card
ORD00452,2025-05-18,CUST0145,North,Consumer,Keyboard,Electronics,4,45,0.1,162.0,109.9,52.1,Credit Card
ORD00453,2025-10-29,CUST0059,Central,Consumer,Smartphone,Electronics,3,420,0.15,1071.0,812.97,258.03,Net Banking
ORD00454,2025-09-01,CUST0147,South,Corporate,Running Shoes,Fashion,4,75,0.15,255.0,212.41,42.59,Debit Card
ORD00455,2025-09-22,CUST0205,Central,Home Office,Smartphone,Electronics,4,420,0.0,1680.0,1118.01,561.99,Cash on Delivery
ORD00456,2025-03-27,CUST0249,South,Consumer,Headphones,Electronics,1,80,0.1,72.0,47.18,24.82,UPI
ORD00457,2025-08-11,CUST0052,South,Home Office,Laptop,Electronics,4,650,0.0,2600.0,2020.99,579.01,Debit Card
ORD00458,2025-07-23,CUST0142,East,Corporate,Office Chair,Furniture,1,160,0.0,160.0,102.28,57.72,Cash on Delivery
ORD00459,2025-08-03,CUST0029,West,Consumer,Backpack,Accessories,1,55,0.15,46.75,37.68,9.07,UPI
ORD00460,2025-02-21,CUST0237,North,Home Office,T-Shirt,Fashion,5,25,0.15,106.25,90.55,15.7,Credit Card
ORD00461,2025-05-16,CUST0099,West,Home Office,Keyboard,Electronics,5,45,0.05,213.75,169.18,44.57,Cash on Delivery
ORD00462,2025-03-15,CUST0159,Central,Home Office,Backpack,Accessories,1,55,0.0,55.0,33.73,21.27,Net Banking
ORD00463,2025-01-26,CUST0191,West,Corporate,Laptop,Electronics,4,650,0.05,2470.0,1842.93,627.07,Debit Card
ORD00464,2025-09-09,CUST0220,North,Consumer,Laptop,Electronics,3,650,0.05,1852.5,1211.96,640.54,UPI
ORD00465,2025-08-02,CUST0155,North,Consumer,Keyboard,Electronics,4,45,0.05,171.0,110.15,60.85,Net Banking
ORD00466,2025-07-11,CUST0211,North,Home Office,Monitor,Electronics,4,180,0.1,648.0,521.77,126.23,UPI
ORD00467,2025-09-26,CUST0226,Central,Consumer,Smartphone,Electronics,3,420,0.15,1071.0,809.9,261.1,UPI
ORD00468,2025-08-22,CUST0013,East,Home Office,Monitor,Electronics,2,180,0.0,360.0,218.66,141.34,UPI
ORD00469,2025-11-22,CUST0237,North,Home Office,Keyboard,Electronics,3,45,0.1,121.5,89.93,31.57,Credit Card
ORD00470,2025-04-01,CUST0246,West,Home Office,Monitor,Electronics,3,180,0.1,486.0,370.78,115.22,Cash on Delivery
ORD00471,2025-05-13,CUST0192,North,Corporate,Office Chair,Furniture,3,160,0.0,480.0,356.48,123.52,Credit Card
ORD00472,2025-04-20,CUST0220,South,Home Office,Desk,Furniture,1,140,0.0,140.0,104.49,35.51,UPI
ORD00473,2025-09-20,CUST0006,North,Corporate,Coffee Maker,Home Appliances,2,95,0.05,180.5,132.97,47.53,UPI
ORD00474,2025-04-25,CUST0065,Central,Corporate,Coffee Maker,Home Appliances,2,95,0.15,161.5,139.5,22.0,Debit Card
ORD00475,2025-04-22,CUST0120,East,Home Office,Desk,Furniture,4,140,0.05,532.0,367.12,164.88,Cash on Delivery
ORD00476,2025-09-19,CUST0170,East,Home Office,T-Shirt,Fashion,4,25,0.15,85.0,57.35,27.65,Cash on Delivery
ORD00477,2025-09-04,CUST0017,East,Corporate,T-Shirt,Fashion,3,25,0.05,71.25,53.06,18.19,Debit Card
ORD00478,2025-09-22,CUST0196,South,Consumer,Keyboard,Electronics,3,45,0.05,128.25,80.1,48.15,Cash on Delivery
ORD00479,2025-12-02,CUST0128,East,Corporate,Desk,Furniture,3,140,0.0,420.0,300.68,119.32,Net Banking
ORD00480,2025-10-20,CUST0209,South,Corporate,Desk,Furniture,4,140,0.0,560.0,383.09,176.91,UPI
ORD00481,2025-12-10,CUST0092,Central,Corporate,Coffee Maker,Home Appliances,5,95,0.1,427.5,360.29,67.21,UPI
ORD00482,2025-08-30,CUST0033,East,Home Office,Coffee Maker,Home Appliances,5,95,0.0,475.0,293.35,181.65,Cash on Delivery
ORD00483,2025-04-25,CUST0191,East,Corporate,Headphones,Electronics,3,80,0.0,240.0,144.27,95.73,Debit Card
ORD00484,2025-03-02,CUST0121,North,Home Office,Office Chair,Furniture,3,160,0.15,408.0,296.46,111.54,Cash on Delivery
ORD00485,2025-04-10,CUST0129,North,Home Office,T-Shirt,Fashion,5,25,0.0,125.0,82.33,42.67,Net Banking
ORD00486,2025-03-19,CUST0036,South,Corporate,Running Shoes,Fashion,3,75,0.1,202.5,126.55,75.95,Net Banking
ORD00487,2025-04-03,CUST0200,North,Corporate,T-Shirt,Fashion,4,25,0.0,100.0,62.28,37.72,Debit Card
ORD00488,2025-01-03,CUST0116,East,Consumer,Coffee Maker,Home Appliances,2,95,0.05,180.5,132.23,48.27,UPI
ORD00489,2025-02-15,CUST0034,Central,Corporate,T-Shirt,Fashion,2,25,0.1,45.0,36.53,8.47,Net Banking
ORD00490,2025-01-20,CUST0137,South,Home Office,Desk,Furniture,4,140,0.1,504.0,357.37,146.63,Debit Card
ORD00491,2025-12-13,CUST0002,South,Consumer,Laptop,Electronics,3,650,0.15,1657.5,1157.97,499.53,Debit Card
ORD00492,2025-10-29,CUST0079,South,Consumer,Keyboard,Electronics,2,45,0.0,90.0,57.44,32.56,Credit Card
ORD00493,2025-11-02,CUST0135,East,Corporate,Keyboard,Electronics,3,45,0.1,121.5,96.85,24.65,UPI
ORD00494,2025-03-26,CUST0243,West,Consumer,Office Chair,Furniture,4,160,0.05,608.0,462.42,145.58,UPI
ORD00495,2025-10-29,CUST0130,South,Consumer,Monitor,Electronics,2,180,0.0,360.0,258.78,101.22,Debit Card
ORD00496,2025-05-11,CUST0198,Central,Home Office,Blender,Home Appliances,1,70,0.1,63.0,52.61,10.39,Credit Card
ORD00497,2025-01-11,CUST0013,North,Corporate,T-Shirt,Fashion,1,25,0.0,25.0,17.51,7.49,Net Banking
ORD00498,2025-12-26,CUST0040,South,Home Office,Desk,Furniture,1,140,0.15,119.0,85.14,33.86,Credit Card
ORD00499,2025-05-19,CUST0160,Central,Home Office,Keyboard,Electronics,4,45,0.0,180.0,126.43,53.57,UPI
ORD00500,2025-03-02,CUST0073,North,Consumer,Desk,Furniture,1,140,0.15,119.0,100.14,18.86,Net Banking
ORD00501,2025-09-25,CUST0250,South,Corporate,Monitor,Electronics,5,180,0.0,900.0,656.04,243.96,Net Banking
ORD00502,2025-04-17,CUST0177,West,Corporate,Keyboard,Electronics,2,45,0.0,90.0,60.85,29.15,UPI
ORD00503,2025-10-21,CUST0172,West,Consumer,Laptop,Electronics,1,650,0.0,650.0,493.08,156.92,Credit Card
ORD00504,2025-11-26,CUST0060,West,Corporate,Running Shoes,Fashion,1,75,0.0,75.0,56.86,18.14,Debit Card
ORD00505,2025-01-21,CUST0219,East,Corporate,Backpack,Accessories,1,55,0.0,55.0,40.54,14.46,Debit Card
ORD00506,2025-01-24,CUST0003,South,Home Office,Desk,Furniture,1,140,0.0,140.0,104.41,35.59,UPI
ORD00507,2025-05-18,CUST0225,North,Corporate,Office Chair,Furniture,3,160,0.1,432.0,369.44,62.56,Debit Card
ORD00508,2025-08-22,CUST0070,West,Home Office,Headphones,Electronics,1,80,0.1,72.0,51.36,20.64,Net Banking
ORD00509,2025-01-31,CUST0242,South,Consumer,Desk,Furniture,2,140,0.0,280.0,162.53,117.47,Net Banking
ORD00510,2025-04-03,CUST0157,West,Corporate,T-Shirt,Fashion,4,25,0.15,85.0,70.6,14.4,Cash on Delivery
ORD00511,2025-02-27,CUST0228,West,Corporate,Laptop,Electronics,2,650,0.1,1170.0,990.2,179.8,Credit Card
ORD00512,2025-12-14,CUST0135,Central,Home Office,Smartphone,Electronics,3,420,0.05,1197.0,696.58,500.42,Cash on Delivery
ORD00513,2025-12-25,CUST0159,North,Corporate,Monitor,Electronics,3,180,0.15,459.0,361.97,97.03,UPI
ORD00514,2025-10-13,CUST0229,Central,Consumer,Backpack,Accessories,3,55,0.1,148.5,96.39,52.11,Credit Card
ORD00515,2025-09-11,CUST0223,South,Consumer,Coffee Maker,Home Appliances,2,95,0.15,161.5,141.59,19.91,Net Banking
ORD00516,2025-01-26,CUST0130,South,Home Office,Office Chair,Furniture,2,160,0.05,304.0,247.4,56.6,Net Banking
ORD00517,2025-10-21,CUST0115,North,Corporate,Desk,Furniture,2,140,0.0,280.0,183.57,96.43,Net Banking
ORD00518,2025-01-10,CUST0027,West,Corporate,Office Chair,Furniture,1,160,0.1,144.0,115.42,28.58,Credit Card
ORD00519,2025-11-06,CUST0247,Central,Home Office,Running Shoes,Fashion,5,75,0.0,375.0,277.48,97.52,Debit Card
ORD00520,2025-08-22,CUST0244,East,Corporate,Running Shoes,Fashion,5,75,0.0,375.0,262.71,112.29,Credit Card
ORD00521,2025-11-14,CUST0154,West,Home Office,Monitor,Electronics,4,180,0.05,684.0,488.76,195.24,Debit Card
ORD00522,2025-12-04,CUST0057,North,Corporate,Blender,Home Appliances,4,70,0.0,280.0,160.27,119.73,Debit Card
ORD00523,2025-12-26,CUST0028,North,Consumer,Coffee Maker,Home Appliances,3,95,0.15,242.25,190.97,51.28,Net Banking
ORD00524,2025-04-11,CUST0049,North,Corporate,Headphones,Electronics,4,80,0.0,320.0,194.72,125.28,UPI
ORD00525,2025-08-01,CUST0012,Central,Consumer,Backpack,Accessories,2,55,0.05,104.5,63.23,41.27,Net Banking
ORD00526,2025-09-13,CUST0002,Central,Home Office,Backpack,Accessories,5,55,0.15,233.75,159.77,73.98,Credit Card
ORD00527,2025-09-18,CUST0200,South,Home Office,Running Shoes,Fashion,4,75,0.15,255.0,198.32,56.68,Cash on Delivery
ORD00528,2025-11-04,CUST0156,East,Home Office,Headphones,Electronics,2,80,0.0,160.0,102.26,57.74,Net Banking
ORD00529,2025-06-25,CUST0249,East,Corporate,Desk,Furniture,5,140,0.0,700.0,429.05,270.95,UPI
ORD00530,2025-09-20,CUST0077,Central,Corporate,Headphones,Electronics,4,80,0.15,272.0,227.52,44.48,Cash on Delivery
ORD00531,2025-05-29,CUST0176,East,Home Office,Coffee Maker,Home Appliances,2,95,0.0,190.0,113.66,76.34,UPI
ORD00532,2025-11-23,CUST0083,North,Corporate,Blender,Home Appliances,2,70,0.15,119.0,94.47,24.53,Cash on Delivery
ORD00533,2025-12-30,CUST0107,Central,Corporate,Backpack,Accessories,5,55,0.15,233.75,210.87,22.88,Net Banking
ORD00534,2025-03-16,CUST0014,North,Consumer,Laptop,Electronics,5,650,0.0,3250.0,1806.39,1443.61,Debit Card
ORD00535,2025-02-01,CUST0177,East,Consumer,Headphones,Electronics,3,80,0.05,228.0,140.08,87.92,Cash on Delivery
ORD00536,2025-12-12,CUST0190,Central,Consumer,Laptop,Electronics,3,650,0.1,1755.0,1118.46,636.54,Cash on Delivery
ORD00537,2025-12-23,CUST0074,North,Corporate,Desk,Furniture,2,140,0.15,238.0,204.51,33.49,Net Banking
ORD00538,2025-05-09,CUST0052,Central,Corporate,Desk,Furniture,3,140,0.15,357.0,236.2,120.8,UPI
ORD00539,2025-11-05,CUST0051,South,Corporate,Coffee Maker,Home Appliances,3,95,0.15,242.25,192.58,49.67,Net Banking
ORD00540,2025-09-21,CUST0031,West,Consumer,Headphones,Electronics,1,80,0.0,80.0,61.71,18.29,Net Banking
ORD00541,2025-10-27,CUST0217,East,Consumer,Keyboard,Electronics,5,45,0.05,213.75,130.48,83.27,Debit Card
ORD00542,2025-06-15,CUST0153,North,Home Office,Backpack,Accessories,2,55,0.0,110.0,64.39,45.61,Cash on Delivery
ORD00543,2025-10-09,CUST0092,North,Home Office,Coffee Maker,Home Appliances,3,95,0.1,256.5,208.53,47.97,Debit Card
ORD00544,2025-09-16,CUST0041,West,Home Office,Running Shoes,Fashion,2,75,0.0,150.0,100.46,49.54,Cash on Delivery
ORD00545,2025-04-20,CUST0170,East,Corporate,Desk,Furniture,1,140,0.05,133.0,84.12,48.88,Debit Card
ORD00546,2025-10-15,CUST0211,North,Consumer,Keyboard,Electronics,2,45,0.15,76.5,60.48,16.02,Debit Card
ORD00547,2025-05-05,CUST0246,North,Home Office,Backpack,Accessories,2,55,0.15,93.5,83.74,9.76,Debit Card
ORD00548,2025-05-25,CUST0007,Central,Corporate,Desk,Furniture,1,140,0.1,126.0,85.26,40.74,Cash on Delivery
ORD00549,2025-11-30,CUST0050,East,Home Office,Running Shoes,Fashion,4,75,0.1,270.0,168.03,101.97,Credit Card
ORD00550,2025-11-17,CUST0017,South,Home Office,Smartphone,Electronics,2,420,0.15,714.0,565.02,148.98,UPI
ORD00551,2025-12-26,CUST0225,West,Home Office,Coffee Maker,Home Appliances,4,95,0.0,380.0,226.97,153.03,Credit Card
ORD00552,2025-06-19,CUST0010,North,Consumer,Blender,Home Appliances,2,70,0.0,140.0,91.79,48.21,Credit Card
ORD00553,2025-04-27,CUST0234,East,Corporate,Headphones,Electronics,3,80,0.15,204.0,135.89,68.11,Net Banking
ORD00554,2025-07-19,CUST0173,North,Home Office,Backpack,Accessories,4,55,0.1,198.0,137.01,60.99,Credit Card
ORD00555,2025-10-27,CUST0012,North,Corporate,Coffee Maker,Home Appliances,5,95,0.0,475.0,343.84,131.16,Cash on Delivery
ORD00556,2025-05-25,CUST0196,West,Corporate,Smartphone,Electronics,3,420,0.05,1197.0,868.78,328.22,Net Banking
ORD00557,2025-04-23,CUST0035,West,Home Office,Coffee Maker,Home Appliances,1,95,0.1,85.5,55.67,29.83,Debit Card
ORD00558,2025-11-28,CUST0096,North,Home Office,Coffee Maker,Home Appliances,2,95,0.05,180.5,134.1,46.4,Cash on Delivery
ORD00559,2025-11-02,CUST0101,Central,Home Office,Headphones,Electronics,1,80,0.0,80.0,44.09,35.91,Credit Card
ORD00560,2025-11-27,CUST0218,Central,Consumer,Keyboard,Electronics,2,45,0.05,85.5,53.88,31.62,UPI
ORD00561,2025-04-10,CUST0030,South,Home Office,Headphones,Electronics,2,80,0.15,136.0,118.72,17.28,Cash on Delivery
ORD00562,2025-02-07,CUST0075,North,Corporate,Laptop,Electronics,5,650,0.1,2925.0,2269.39,655.61,Credit Card
ORD00563,2025-07-02,CUST0033,South,Consumer,Monitor,Electronics,5,180,0.1,810.0,691.97,118.03,Debit Card
ORD00564,2025-08-19,CUST0085,Central,Home Office,T-Shirt,Fashion,1,25,0.0,25.0,15.58,9.42,Debit Card
ORD00565,2025-07-06,CUST0207,East,Corporate,Blender,Home Appliances,5,70,0.0,350.0,238.03,111.97,UPI
ORD00566,2025-12-31,CUST0190,West,Corporate,Laptop,Electronics,3,650,0.0,1950.0,1424.87,525.13,Debit Card
ORD00567,2025-07-03,CUST0199,East,Corporate,Headphones,Electronics,3,80,0.1,216.0,157.55,58.45,Cash on Delivery
ORD00568,2025-05-24,CUST0220,South,Home Office,Smartphone,Electronics,2,420,0.15,714.0,477.84,236.16,UPI
ORD00569,2025-09-17,CUST0162,North,Home Office,Keyboard,Electronics,1,45,0.0,45.0,33.98,11.02,Cash on Delivery
ORD00570,2025-10-10,CUST0067,Central,Home Office,Desk,Furniture,5,140,0.0,700.0,530.91,169.09,Net Banking
ORD00571,2025-10-29,CUST0188,East,Consumer,Coffee Maker,Home Appliances,2,95,0.05,180.5,121.65,58.85,Net Banking
ORD00572,2025-09-15,CUST0003,South,Home Office,Running Shoes,Fashion,5,75,0.0,375.0,240.47,134.53,UPI
ORD00573,2025-10-17,CUST0243,Central,Home Office,Running Shoes,Fashion,2,75,0.1,135.0,87.99,47.01,UPI
ORD00574,2025-09-07,CUST0060,North,Corporate,Blender,Home Appliances,4,70,0.05,266.0,156.6,109.4,Debit Card
ORD00575,2025-07-04,CUST0100,West,Corporate,Monitor,Electronics,1,180,0.0,180.0,120.44,59.56,Credit Card
ORD00576,2025-09-24,CUST0163,East,Home Office,Laptop,Electronics,3,650,0.0,1950.0,1388.13,561.87,Debit Card
ORD00577,2025-12-01,CUST0097,East,Home Office,T-Shirt,Fashion,5,25,0.15,106.25,73.75,32.5,Credit Card
ORD00578,2025-04-25,CUST0133,West,Corporate,Running Shoes,Fashion,3,75,0.1,202.5,174.09,28.41,Debit Card
ORD00579,2025-03-13,CUST0113,South,Consumer,Backpack,Accessories,4,55,0.15,187.0,121.33,65.67,Credit Card
ORD00580,2025-03-22,CUST0093,Central,Home Office,Running Shoes,Fashion,3,75,0.0,225.0,131.52,93.48,Credit Card
ORD00581,2025-02-28,CUST0124,West,Corporate,Coffee Maker,Home Appliances,2,95,0.1,171.0,139.95,31.05,UPI
ORD00582,2025-01-23,CUST0033,Central,Home Office,T-Shirt,Fashion,2,25,0.1,45.0,27.76,17.24,UPI
ORD00583,2025-03-17,CUST0015,South,Corporate,Headphones,Electronics,5,80,0.0,400.0,301.95,98.05,UPI
ORD00584,2025-11-23,CUST0005,East,Consumer,Running Shoes,Fashion,4,75,0.15,255.0,231.88,23.12,UPI
ORD00585,2025-03-29,CUST0057,West,Home Office,Backpack,Accessories,5,55,0.1,247.5,206.11,41.39,UPI
ORD00586,2025-05-16,CUST0043,East,Corporate,T-Shirt,Fashion,2,25,0.15,42.5,35.09,7.41,Cash on Delivery
ORD00587,2025-03-09,CUST0028,North,Consumer,T-Shirt,Fashion,1,25,0.0,25.0,15.92,9.08,Cash on Delivery
ORD00588,2025-04-01,CUST0122,Central,Home Office,Running Shoes,Fashion,4,75,0.0,300.0,206.78,93.22,Credit Card
ORD00589,2025-12-04,CUST0034,Central,Home Office,Running Shoes,Fashion,5,75,0.0,375.0,214.29,160.71,Credit Card
ORD00590,2025-01-23,CUST0179,Central,Corporate,Coffee Maker,Home Appliances,4,95,0.15,323.0,245.77,77.23,UPI
ORD00591,2025-12-23,CUST0148,North,Corporate,Backpack,Accessories,4,55,0.05,209.0,150.81,58.19,UPI
ORD00592,2025-02-12,CUST0073,Central,Home Office,Keyboard,Electronics,4,45,0.0,180.0,136.68,43.32,Net Banking
ORD00593,2025-01-04,CUST0148,Central,Consumer,Keyboard,Electronics,2,45,0.0,90.0,64.18,25.82,Cash on Delivery
ORD00594,2025-06-11,CUST0105,East,Consumer,Laptop,Electronics,4,650,0.0,2600.0,1841.28,758.72,UPI
ORD00595,2025-10-02,CUST0109,Central,Corporate,Desk,Furniture,5,140,0.05,665.0,427.07,237.93,Cash on Delivery
ORD00596,2025-10-13,CUST0124,South,Corporate,Keyboard,Electronics,4,45,0.0,180.0,116.11,63.89,Cash on Delivery
ORD00597,2025-10-23,CUST0089,West,Home Office,Running Shoes,Fashion,4,75,0.05,285.0,233.21,51.79,UPI
ORD00598,2025-12-25,CUST0244,South,Consumer,Coffee Maker,Home Appliances,1,95,0.0,95.0,62.01,32.99,UPI
ORD00599,2025-11-11,CUST0179,North,Consumer,Running Shoes,Fashion,4,75,0.05,285.0,220.26,64.74,Net Banking
ORD00600,2025-08-30,CUST0238,Central,Corporate,Coffee Maker,Home Appliances,1,95,0.0,95.0,70.24,24.76,Credit Card
ORD00601,2025-11-08,CUST0010,West,Corporate,Smartphone,Electronics,3,420,0.0,1260.0,800.47,459.53,Cash on Delivery
ORD00602,2025-11-02,CUST0015,South,Home Office,Coffee Maker,Home Appliances,5,95,0.05,451.25,338.99,112.26,Net Banking
ORD00603,2025-09-23,CUST0074,South,Consumer,Backpack,Accessories,1,55,0.0,55.0,41.01,13.99,Cash on Delivery
ORD00604,2025-12-12,CUST0010,East,Consumer,Running Shoes,Fashion,5,75,0.0,375.0,259.31,115.69,Credit Card
ORD00605,2025-06-30,CUST0172,West,Corporate,Headphones,Electronics,1,80,0.05,76.0,58.35,17.65,Cash on Delivery
ORD00606,2025-02-05,CUST0236,North,Home Office,Monitor,Electronics,5,180,0.0,900.0,647.54,252.46,Debit Card
ORD00607,2025-05-22,CUST0058,Central,Consumer,Blender,Home Appliances,5,70,0.15,297.5,220.52,76.98,Net Banking
ORD00608,2025-07-28,CUST0130,North,Home Office,Desk,Furniture,5,140,0.0,700.0,427.04,272.96,Credit Card
ORD00609,2025-09-20,CUST0245,East,Home Office,Running Shoes,Fashion,3,75,0.05,213.75,172.76,40.99,Cash on Delivery
ORD00610,2025-05-05,CUST0194,East,Corporate,Keyboard,Electronics,4,45,0.1,162.0,122.32,39.68,Net Banking
ORD00611,2025-02-04,CUST0098,South,Home Office,T-Shirt,Fashion,1,25,0.1,22.5,14.42,8.08,UPI
ORD00612,2025-01-05,CUST0180,East,Consumer,Office Chair,Furniture,4,160,0.05,608.0,428.03,179.97,Debit Card
ORD00613,2025-04-02,CUST0122,East,Corporate,Smartphone,Electronics,4,420,0.05,1596.0,953.38,642.62,UPI
ORD00614,2025-12-16,CUST0239,South,Corporate,T-Shirt,Fashion,3,25,0.0,75.0,57.59,17.41,UPI
ORD00615,2025-04-14,CUST0214,South,Home Office,Monitor,Electronics,2,180,0.05,342.0,215.12,126.88,Debit Card
ORD00616,2025-12-13,CUST0245,West,Home Office,Headphones,Electronics,1,80,0.0,80.0,60.93,19.07,Credit Card
ORD00617,2025-06-11,CUST0127,Central,Corporate,Running Shoes,Fashion,1,75,0.1,67.5,47.65,19.85,Net Banking
ORD00618,2025-10-23,CUST0033,North,Home Office,Headphones,Electronics,5,80,0.05,380.0,256.6,123.4,Net Banking
ORD00619,2025-07-21,CUST0221,South,Corporate,Backpack,Accessories,5,55,0.0,275.0,183.03,91.97,Credit Card
ORD00620,2025-01-05,CUST0004,South,Corporate,Blender,Home Appliances,5,70,0.1,315.0,217.91,97.09,Cash on Delivery
ORD00621,2025-05-13,CUST0048,Central,Corporate,Smartphone,Electronics,3,420,0.05,1197.0,870.58,326.42,UPI
ORD00622,2025-04-05,CUST0128,West,Consumer,Keyboard,Electronics,4,45,0.15,153.0,113.2,39.8,Net Banking
ORD00623,2025-05-24,CUST0116,South,Home Office,Blender,Home Appliances,3,70,0.05,199.5,156.76,42.74,UPI
ORD00624,2025-05-01,CUST0143,West,Corporate,T-Shirt,Fashion,2,25,0.0,50.0,35.79,14.21,UPI
ORD00625,2025-04-01,CUST0108,West,Consumer,Headphones,Electronics,2,80,0.1,144.0,117.65,26.35,Cash on Delivery
ORD00626,2025-10-15,CUST0220,Central,Consumer,Running Shoes,Fashion,3,75,0.1,202.5,139.28,63.22,Net Banking
ORD00627,2025-05-11,CUST0122,North,Corporate,Smartphone,Electronics,2,420,0.0,840.0,503.63,336.37,Debit Card
ORD00628,2025-05-12,CUST0089,North,Corporate,Keyboard,Electronics,3,45,0.05,128.25,91.65,36.6,Credit Card
ORD00629,2025-11-29,CUST0167,Central,Consumer,Office Chair,Furniture,5,160,0.0,800.0,546.14,253.86,Debit Card
ORD00630,2025-08-17,CUST0228,North,Corporate,Office Chair,Furniture,3,160,0.15,408.0,317.82,90.18,Cash on Delivery
ORD00631,2025-11-24,CUST0207,East,Corporate,Keyboard,Electronics,4,45,0.0,180.0,134.95,45.05,Cash on Delivery
ORD00632,2025-06-25,CUST0059,East,Corporate,T-Shirt,Fashion,4,25,0.0,100.0,56.82,43.18,Debit Card
ORD00633,2025-05-19,CUST0228,West,Corporate,Blender,Home Appliances,3,70,0.15,178.5,146.64,31.86,Cash on Delivery
ORD00634,2025-01-12,CUST0033,South,Home Office,Running Shoes,Fashion,4,75,0.1,270.0,176.54,93.46,Debit Card
ORD00635,2025-02-22,CUST0025,North,Corporate,Blender,Home Appliances,1,70,0.0,70.0,41.19,28.81,Cash on Delivery
ORD00636,2025-02-12,CUST0027,East,Home Office,Laptop,Electronics,1,650,0.1,585.0,435.84,149.16,UPI
ORD00637,2025-05-26,CUST0114,South,Consumer,Smartphone,Electronics,4,420,0.05,1596.0,1012.62,583.38,Cash on Delivery
ORD00638,2025-06-16,CUST0222,West,Corporate,Headphones,Electronics,1,80,0.0,80.0,56.21,23.79,Cash on Delivery
ORD00639,2025-12-24,CUST0139,South,Home Office,Keyboard,Electronics,5,45,0.1,202.5,130.74,71.76,Cash on Delivery
ORD00640,2025-11-24,CUST0137,East,Corporate,Backpack,Accessories,5,55,0.1,247.5,184.36,63.14,Net Banking
ORD00641,2025-07-07,CUST0106,East,Consumer,Running Shoes,Fashion,2,75,0.0,150.0,97.74,52.26,Debit Card
ORD00642,2025-03-11,CUST0089,East,Corporate,Laptop,Electronics,1,650,0.15,552.5,479.4,73.1,Cash on Delivery
ORD00643,2025-08-09,CUST0205,East,Home Office,Laptop,Electronics,4,650,0.1,2340.0,1609.17,730.83,UPI
ORD00644,2025-10-15,CUST0112,West,Consumer,Laptop,Electronics,5,650,0.05,3087.5,1928.46,1159.04,UPI
ORD00645,2025-02-10,CUST0109,South,Home Office,Blender,Home Appliances,4,70,0.1,252.0,168.21,83.79,Cash on Delivery
ORD00646,2025-09-30,CUST0208,East,Corporate,Blender,Home Appliances,3,70,0.05,199.5,146.82,52.68,UPI
ORD00647,2025-11-23,CUST0117,Central,Corporate,Smartphone,Electronics,2,420,0.0,840.0,517.95,322.05,Debit Card
ORD00648,2025-01-10,CUST0039,North,Home Office,Blender,Home Appliances,5,70,0.1,315.0,207.62,107.38,Credit Card
ORD00649,2025-08-13,CUST0187,North,Consumer,Headphones,Electronics,1,80,0.05,76.0,48.95,27.05,Credit Card
ORD00650,2025-08-04,CUST0080,West,Corporate,Headphones,Electronics,1,80,0.1,72.0,48.0,24.0,Net Banking
ORD00651,2025-03-16,CUST0015,East,Corporate,Blender,Home Appliances,1,70,0.05,66.5,39.79,26.71,Credit Card
ORD00652,2025-05-09,CUST0210,West,Consumer,Running Shoes,Fashion,4,75,0.0,300.0,178.26,121.74,Credit Card
ORD00653,2025-08-15,CUST0064,North,Consumer,Blender,Home Appliances,2,70,0.1,126.0,101.83,24.17,Net Banking
ORD00654,2025-04-17,CUST0122,West,Home Office,Blender,Home Appliances,1,70,0.15,59.5,49.22,10.28,Debit Card
ORD00655,2025-10-09,CUST0134,North,Corporate,Office Chair,Furniture,2,160,0.0,320.0,230.81,89.19,Net Banking
ORD00656,2025-01-27,CUST0222,South,Consumer,Coffee Maker,Home Appliances,3,95,0.0,285.0,180.38,104.62,UPI
ORD00657,2025-05-22,CUST0150,North,Corporate,Coffee Maker,Home Appliances,4,95,0.05,361.0,210.32,150.68,UPI
ORD00658,2025-09-01,CUST0177,Central,Consumer,Laptop,Electronics,1,650,0.15,552.5,474.63,77.87,Debit Card
ORD00659,2025-12-18,CUST0159,East,Home Office,Smartphone,Electronics,2,420,0.0,840.0,558.58,281.42,Credit Card
ORD00660,2025-02-24,CUST0033,West,Consumer,Laptop,Electronics,3,650,0.0,1950.0,1387.05,562.95,Debit Card
ORD00661,2025-01-11,CUST0177,West,Corporate,Running Shoes,Fashion,3,75,0.1,202.5,161.69,40.81,UPI
ORD00662,2025-10-14,CUST0076,Central,Home Office,Keyboard,Electronics,1,45,0.1,40.5,32.06,8.44,Net Banking
ORD00663,2025-06-15,CUST0188,West,Corporate,Monitor,Electronics,5,180,0.0,900.0,607.53,292.47,Cash on Delivery
ORD00664,2025-08-19,CUST0076,East,Home Office,Running Shoes,Fashion,2,75,0.0,150.0,100.82,49.18,Debit Card
ORD00665,2025-04-05,CUST0227,North,Home Office,Backpack,Accessories,1,55,0.15,46.75,35.04,11.71,Debit Card
ORD00666,2025-12-04,CUST0248,Central,Corporate,T-Shirt,Fashion,2,25,0.05,47.5,35.79,11.71,UPI
ORD00667,2025-05-25,CUST0083,West,Home Office,Running Shoes,Fashion,4,75,0.15,255.0,175.64,79.36,Debit Card
ORD00668,2025-01-23,CUST0214,South,Consumer,Smartphone,Electronics,1,420,0.15,357.0,294.65,62.35,Credit Card
ORD00669,2025-01-17,CUST0147,West,Home Office,Monitor,Electronics,1,180,0.1,162.0,106.93,55.07,Net Banking
ORD00670,2025-07-07,CUST0057,Central,Home Office,Running Shoes,Fashion,5,75,0.15,318.75,228.32,90.43,Credit Card
ORD00671,2025-02-10,CUST0120,North,Corporate,Laptop,Electronics,2,650,0.1,1170.0,992.59,177.41,Cash on Delivery
ORD00672,2025-01-30,CUST0211,Central,Corporate,Blender,Home Appliances,4,70,0.05,266.0,205.15,60.85,Cash on Delivery
ORD00673,2025-04-21,CUST0246,Central,Consumer,Laptop,Electronics,1,650,0.05,617.5,369.15,248.35,Credit Card
ORD00674,2025-04-09,CUST0135,South,Home Office,Blender,Home Appliances,2,70,0.15,119.0,89.41,29.59,UPI
ORD00675,2025-11-23,CUST0148,East,Home Office,Running Shoes,Fashion,5,75,0.1,337.5,270.6,66.9,Net Banking
ORD00676,2025-04-03,CUST0141,West,Home Office,Blender,Home Appliances,4,70,0.0,280.0,164.74,115.26,Debit Card
ORD00677,2025-08-15,CUST0239,East,Corporate,Coffee Maker,Home Appliances,2,95,0.15,161.5,148.13,13.37,Cash on Delivery
ORD00678,2025-08-09,CUST0212,East,Home Office,Office Chair,Furniture,3,160,0.1,432.0,348.37,83.63,UPI
ORD00679,2025-10-09,CUST0238,East,Corporate,T-Shirt,Fashion,5,25,0.0,125.0,79.53,45.47,Net Banking
ORD00680,2025-05-26,CUST0153,North,Home Office,Backpack,Accessories,4,55,0.0,220.0,157.75,62.25,UPI
ORD00681,2025-04-20,CUST0220,East,Consumer,Keyboard,Electronics,1,45,0.05,42.75,34.94,7.81,Debit Card
ORD00682,2025-10-20,CUST0040,North,Consumer,Running Shoes,Fashion,5,75,0.15,318.75,255.47,63.28,Net Banking
ORD00683,2025-10-26,CUST0064,South,Corporate,Office Chair,Furniture,2,160,0.0,320.0,195.5,124.5,Debit Card
ORD00684,2025-04-22,CUST0188,North,Home Office,Smartphone,Electronics,5,420,0.1,1890.0,1429.86,460.14,Debit Card
ORD00685,2025-12-20,CUST0180,Central,Consumer,Backpack,Accessories,2,55,0.1,99.0,81.39,17.61,Cash on Delivery
ORD00686,2025-10-23,CUST0098,North,Consumer,Coffee Maker,Home Appliances,3,95,0.0,285.0,204.65,80.35,Debit Card
ORD00687,2025-03-03,CUST0223,South,Home Office,Office Chair,Furniture,4,160,0.1,576.0,488.93,87.07,Cash on Delivery
ORD00688,2025-01-22,CUST0082,Central,Home Office,Laptop,Electronics,4,650,0.0,2600.0,1612.26,987.74,UPI
ORD00689,2025-12-11,CUST0188,West,Corporate,Office Chair,Furniture,5,160,0.0,800.0,468.19,331.81,Cash on Delivery
ORD00690,2025-05-29,CUST0202,West,Consumer,T-Shirt,Fashion,5,25,0.0,125.0,75.13,49.87,UPI
ORD00691,2025-01-26,CUST0141,West,Corporate,Office Chair,Furniture,1,160,0.1,144.0,109.03,34.97,Credit Card
ORD00692,2025-03-08,CUST0196,South,Corporate,Desk,Furniture,5,140,0.1,630.0,509.59,120.41,Cash on Delivery
ORD00693,2025-04-11,CUST0144,Central,Home Office,Monitor,Electronics,4,180,0.1,648.0,504.01,143.99,Cash on Delivery
ORD00694,2025-08-09,CUST0083,Central,Consumer,Monitor,Electronics,2,180,0.0,360.0,220.05,139.95,Credit Card
ORD00695,2025-04-08,CUST0083,East,Home Office,Coffee Maker,Home Appliances,4,95,0.1,342.0,240.92,101.08,Credit Card
ORD00696,2025-08-15,CUST0160,South,Corporate,Keyboard,Electronics,2,45,0.05,85.5,62.26,23.24,Credit Card
ORD00697,2025-02-13,CUST0029,North,Consumer,Monitor,Electronics,2,180,0.05,342.0,210.92,131.08,Cash on Delivery
ORD00698,2025-02-26,CUST0079,West,Corporate,Headphones,Electronics,3,80,0.0,240.0,150.95,89.05,Credit Card
ORD00699,2025-10-07,CUST0134,East,Home Office,Office Chair,Furniture,2,160,0.15,272.0,191.59,80.41,Net Banking
ORD00700,2025-12-06,CUST0135,North,Corporate,T-Shirt,Fashion,2,25,0.0,50.0,31.83,18.17,UPI
ORD00701,2025-11-13,CUST0070,North,Corporate,Laptop,Electronics,3,650,0.0,1950.0,1426.45,523.55,Credit Card
ORD00702,2025-12-04,CUST0093,North,Consumer,Smartphone,Electronics,4,420,0.05,1596.0,1180.18,415.82,Debit Card
ORD00703,2025-09-18,CUST0182,North,Corporate,Coffee Maker,Home Appliances,4,95,0.0,380.0,294.63,85.37,Net Banking
ORD00704,2025-09-14,CUST0248,West,Home Office,T-Shirt,Fashion,5,25,0.0,125.0,74.11,50.89,Credit Card
ORD00705,2025-09-08,CUST0101,South,Consumer,Laptop,Electronics,2,650,0.15,1105.0,806.17,298.83,Debit Card
ORD00706,2025-05-01,CUST0129,East,Consumer,Coffee Maker,Home Appliances,3,95,0.05,270.75,197.73,73.02,Debit Card
ORD00707,2025-04-26,CUST0039,East,Corporate,Desk,Furniture,1,140,0.15,119.0,107.56,11.44,UPI
ORD00708,2025-11-10,CUST0224,South,Corporate,Smartphone,Electronics,4,420,0.15,1428.0,1295.18,132.82,UPI
ORD00709,2025-11-06,CUST0085,West,Home Office,T-Shirt,Fashion,2,25,0.1,45.0,38.66,6.34,UPI
ORD00710,2025-04-14,CUST0221,South,Corporate,Monitor,Electronics,2,180,0.15,306.0,242.82,63.18,Cash on Delivery
ORD00711,2025-10-17,CUST0235,South,Corporate,Headphones,Electronics,4,80,0.0,320.0,224.3,95.7,Credit Card
ORD00712,2025-03-16,CUST0187,North,Corporate,Running Shoes,Fashion,5,75,0.0,375.0,222.13,152.87,Net Banking
ORD00713,2025-11-23,CUST0239,East,Consumer,Desk,Furniture,3,140,0.1,378.0,303.03,74.97,UPI
ORD00714,2025-11-10,CUST0158,East,Home Office,Smartphone,Electronics,2,420,0.0,840.0,467.06,372.94,Cash on Delivery
ORD00715,2025-12-18,CUST0007,East,Consumer,T-Shirt,Fashion,2,25,0.15,42.5,30.17,12.33,Net Banking
ORD00716,2025-11-29,CUST0096,South,Corporate,Headphones,Electronics,5,80,0.15,340.0,263.13,76.87,Net Banking
ORD00717,2025-01-17,CUST0105,North,Corporate,Backpack,Accessories,2,55,0.0,110.0,65.39,44.61,Net Banking
ORD00718,2025-08-13,CUST0222,Central,Corporate,Monitor,Electronics,2,180,0.0,360.0,203.48,156.52,Debit Card
ORD00719,2025-01-22,CUST0156,West,Home Office,Backpack,Accessories,2,55,0.1,99.0,70.74,28.26,Debit Card
ORD00720,2025-09-26,CUST0165,North,Home Office,Desk,Furniture,5,140,0.15,595.0,480.6,114.4,Credit Card
ORD00721,2025-05-06,CUST0133,Central,Corporate,Backpack,Accessories,4,55,0.0,220.0,165.42,54.58,Credit Card
ORD00722,2025-01-26,CUST0049,East,Corporate,Running Shoes,Fashion,4,75,0.15,255.0,217.8,37.2,Net Banking
ORD00723,2025-05-31,CUST0157,North,Home Office,Keyboard,Electronics,3,45,0.1,121.5,79.42,42.08,Cash on Delivery
ORD00724,2025-09-14,CUST0029,South,Home Office,Headphones,Electronics,4,80,0.1,288.0,182.66,105.34,Cash on Delivery
ORD00725,2025-01-13,CUST0046,West,Home Office,Headphones,Electronics,4,80,0.1,288.0,199.81,88.19,UPI
ORD00726,2025-11-29,CUST0233,South,Home Office,Backpack,Accessories,1,55,0.05,52.25,34.35,17.9,Credit Card
ORD00727,2025-02-13,CUST0135,West,Home Office,Smartphone,Electronics,1,420,0.1,378.0,292.25,85.75,Cash on Delivery
ORD00728,2025-01-23,CUST0197,South,Corporate,T-Shirt,Fashion,2,25,0.1,45.0,33.83,11.17,Cash on Delivery
ORD00729,2025-04-02,CUST0197,North,Corporate,Coffee Maker,Home Appliances,2,95,0.0,190.0,142.47,47.53,Debit Card
ORD00730,2025-03-02,CUST0231,South,Consumer,Keyboard,Electronics,4,45,0.05,171.0,124.94,46.06,Credit Card
ORD00731,2025-09-13,CUST0140,North,Home Office,T-Shirt,Fashion,3,25,0.0,75.0,49.16,25.84,Net Banking
ORD00732,2025-08-21,CUST0105,West,Consumer,Monitor,Electronics,2,180,0.15,306.0,252.6,53.4,Cash on Delivery
ORD00733,2025-05-23,CUST0159,Central,Consumer,T-Shirt,Fashion,1,25,0.0,25.0,18.82,6.18,Credit Card
ORD00734,2025-01-19,CUST0038,North,Home Office,Headphones,Electronics,2,80,0.0,160.0,112.04,47.96,Cash on Delivery
ORD00735,2025-01-26,CUST0028,West,Consumer,T-Shirt,Fashion,3,25,0.05,71.25,57.13,14.12,UPI
ORD00736,2025-12-25,CUST0153,Central,Home Office,Coffee Maker,Home Appliances,3,95,0.15,242.25,200.07,42.18,UPI
ORD00737,2025-02-17,CUST0197,East,Corporate,Backpack,Accessories,5,55,0.05,261.25,210.17,51.08,Debit Card
ORD00738,2025-02-03,CUST0075,West,Consumer,Desk,Furniture,1,140,0.1,126.0,104.15,21.85,Credit Card
ORD00739,2025-09-26,CUST0054,South,Home Office,Blender,Home Appliances,3,70,0.05,199.5,140.96,58.54,Credit Card
ORD00740,2025-09-05,CUST0186,Central,Home Office,Smartphone,Electronics,5,420,0.15,1785.0,1631.81,153.19,Debit Card
ORD00741,2025-10-22,CUST0160,East,Consumer,Desk,Furniture,5,140,0.05,665.0,426.81,238.19,Cash on Delivery
ORD00742,2025-09-12,CUST0127,South,Home Office,T-Shirt,Fashion,4,25,0.15,85.0,71.77,13.23,UPI
ORD00743,2025-01-13,CUST0120,North,Home Office,Blender,Home Appliances,3,70,0.0,210.0,115.58,94.42,UPI
ORD00744,2025-06-29,CUST0144,South,Consumer,T-Shirt,Fashion,4,25,0.1,90.0,56.05,33.95,UPI
ORD00745,2025-06-07,CUST0077,Central,Home Office,Blender,Home Appliances,3,70,0.05,199.5,153.67,45.83,Debit Card
ORD00746,2025-10-19,CUST0158,North,Consumer,Laptop,Electronics,1,650,0.05,617.5,408.53,208.97,UPI
ORD00747,2025-01-19,CUST0166,South,Corporate,Office Chair,Furniture,3,160,0.1,432.0,365.14,66.86,UPI
ORD00748,2025-08-25,CUST0201,West,Home Office,Coffee Maker,Home Appliances,4,95,0.15,323.0,287.3,35.7,Credit Card
ORD00749,2025-06-11,CUST0143,Central,Consumer,Running Shoes,Fashion,3,75,0.15,191.25,161.27,29.98,UPI
ORD00750,2025-03-18,CUST0072,North,Corporate,T-Shirt,Fashion,3,25,0.05,71.25,42.39,28.86,Net Banking
ORD00751,2025-07-19,CUST0048,Central,Consumer,Coffee Maker,Home Appliances,5,95,0.0,475.0,323.63,151.37,Debit Card
ORD00752,2025-02-14,CUST0128,South,Corporate,Blender,Home Appliances,3,70,0.0,210.0,128.61,81.39,Net Banking
ORD00753,2025-02-27,CUST0096,North,Consumer,Keyboard,Electronics,2,45,0.15,76.5,55.76,20.74,Credit Card
ORD00754,2025-09-14,CUST0040,South,Corporate,Backpack,Accessories,5,55,0.0,275.0,201.79,73.21,Net Banking
ORD00755,2025-03-15,CUST0197,North,Home Office,Blender,Home Appliances,5,70,0.05,332.5,254.93,77.57,UPI
ORD00756,2025-09-25,CUST0030,North,Corporate,Monitor,Electronics,1,180,0.1,162.0,115.05,46.95,Credit Card
ORD00757,2025-01-24,CUST0027,Central,Home Office,Coffee Maker,Home Appliances,5,95,0.0,475.0,297.66,177.34,Debit Card
ORD00758,2025-04-18,CUST0083,South,Consumer,Laptop,Electronics,5,650,0.05,3087.5,2265.04,822.46,Debit Card
ORD00759,2025-12-10,CUST0031,East,Consumer,Keyboard,Electronics,5,45,0.05,213.75,163.74,50.01,UPI
ORD00760,2025-10-14,CUST0132,North,Consumer,Keyboard,Electronics,1,45,0.0,45.0,34.67,10.33,Cash on Delivery
ORD00761,2025-12-27,CUST0206,East,Home Office,Office Chair,Furniture,5,160,0.05,760.0,489.87,270.13,UPI
ORD00762,2025-06-23,CUST0139,West,Consumer,Headphones,Electronics,1,80,0.05,76.0,55.28,20.72,UPI
ORD00763,2025-01-28,CUST0023,West,Corporate,Laptop,Electronics,4,650,0.0,2600.0,1493.34,1106.66,UPI
ORD00764,2025-12-20,CUST0180,West,Home Office,Blender,Home Appliances,5,70,0.15,297.5,243.17,54.33,Debit Card
ORD00765,2025-12-10,CUST0208,Central,Consumer,Keyboard,Electronics,3,45,0.0,135.0,96.39,38.61,Net Banking
ORD00766,2025-12-24,CUST0120,North,Corporate,T-Shirt,Fashion,2,25,0.0,50.0,36.85,13.15,Debit Card
ORD00767,2025-04-25,CUST0037,Central,Corporate,Coffee Maker,Home Appliances,4,95,0.1,342.0,229.25,112.75,Debit Card
ORD00768,2025-06-16,CUST0117,West,Consumer,Desk,Furniture,2,140,0.05,266.0,204.8,61.2,Credit Card
ORD00769,2025-03-29,CUST0073,East,Home Office,Backpack,Accessories,1,55,0.05,52.25,36.3,15.95,Cash on Delivery
ORD00770,2025-02-24,CUST0084,Central,Home Office,Headphones,Electronics,5,80,0.0,400.0,257.32,142.68,Credit Card
ORD00771,2025-07-31,CUST0062,Central,Consumer,Keyboard,Electronics,5,45,0.1,202.5,144.49,58.01,Cash on Delivery
ORD00772,2025-04-17,CUST0209,Central,Corporate,Headphones,Electronics,4,80,0.1,288.0,180.86,107.14,Net Banking
ORD00773,2025-03-30,CUST0170,North,Home Office,T-Shirt,Fashion,3,25,0.15,63.75,53.22,10.53,Cash on Delivery
ORD00774,2025-06-16,CUST0143,North,Corporate,Backpack,Accessories,1,55,0.15,46.75,37.79,8.96,UPI
ORD00775,2025-12-17,CUST0209,Central,Corporate,Keyboard,Electronics,4,45,0.0,180.0,123.77,56.23,Debit Card
ORD00776,2025-03-13,CUST0228,Central,Home Office,Backpack,Accessories,1,55,0.0,55.0,33.0,22.0,Credit Card
ORD00777,2025-07-19,CUST0158,Central,Corporate,Headphones,Electronics,2,80,0.1,144.0,107.55,36.45,UPI
ORD00778,2025-12-14,CUST0078,West,Home Office,Monitor,Electronics,3,180,0.05,513.0,367.83,145.17,Debit Card
ORD00779,2025-09-19,CUST0104,South,Corporate,Smartphone,Electronics,5,420,0.0,2100.0,1450.35,649.65,Credit Card
ORD00780,2025-10-14,CUST0211,East,Consumer,Office Chair,Furniture,5,160,0.0,800.0,440.16,359.84,Debit Card
ORD00781,2025-07-21,CUST0161,East,Home Office,Laptop,Electronics,2,650,0.1,1170.0,924.96,245.04,Net Banking
ORD00782,2025-12-06,CUST0045,West,Consumer,Desk,Furniture,4,140,0.1,504.0,378.21,125.79,UPI
ORD00783,2025-03-20,CUST0074,South,Consumer,Running Shoes,Fashion,4,75,0.05,285.0,222.96,62.04,Credit Card
ORD00784,2025-09-07,CUST0169,West,Consumer,Smartphone,Electronics,1,420,0.0,420.0,300.68,119.32,Credit Card
ORD00785,2025-12-23,CUST0155,West,Home Office,Headphones,Electronics,4,80,0.1,288.0,241.77,46.23,UPI
ORD00786,2025-08-19,CUST0099,East,Consumer,Backpack,Accessories,5,55,0.1,247.5,186.17,61.33,UPI
ORD00787,2025-05-02,CUST0183,Central,Corporate,Desk,Furniture,5,140,0.0,700.0,478.05,221.95,Net Banking
ORD00788,2025-01-20,CUST0146,West,Home Office,Running Shoes,Fashion,5,75,0.05,356.25,209.14,147.11,Debit Card
ORD00789,2025-02-10,CUST0037,Central,Corporate,Smartphone,Electronics,5,420,0.1,1890.0,1619.52,270.48,Net Banking
ORD00790,2025-02-15,CUST0063,West,Home Office,Running Shoes,Fashion,1,75,0.15,63.75,56.6,7.15,Credit Card
ORD00791,2025-01-28,CUST0232,East,Home Office,Coffee Maker,Home Appliances,5,95,0.15,403.75,295.39,108.36,Credit Card
ORD00792,2025-10-21,CUST0188,East,Corporate,Backpack,Accessories,4,55,0.15,187.0,166.85,20.15,Debit Card
ORD00793,2025-11-02,CUST0192,East,Home Office,Keyboard,Electronics,3,45,0.0,135.0,75.35,59.65,Cash on Delivery
ORD00794,2025-10-21,CUST0014,East,Home Office,Keyboard,Electronics,1,45,0.1,40.5,30.73,9.77,Cash on Delivery
ORD00795,2025-09-16,CUST0020,East,Corporate,Laptop,Electronics,3,650,0.1,1755.0,1109.51,645.49,UPI
ORD00796,2025-01-08,CUST0190,North,Home Office,T-Shirt,Fashion,3,25,0.05,71.25,56.05,15.2,UPI
ORD00797,2025-03-31,CUST0067,South,Corporate,T-Shirt,Fashion,2,25,0.1,45.0,31.75,13.25,UPI
ORD00798,2025-03-16,CUST0153,South,Corporate,Running Shoes,Fashion,1,75,0.05,71.25,58.23,13.02,Net Banking
ORD00799,2025-03-27,CUST0054,Central,Home Office,Desk,Furniture,2,140,0.1,252.0,200.75,51.25,Debit Card
ORD00800,2025-08-26,CUST0103,West,Corporate,Laptop,Electronics,3,650,0.0,1950.0,1096.06,853.94,Net Banking
ORD00801,2025-12-28,CUST0100,West,Corporate,Blender,Home Appliances,5,70,0.0,350.0,223.07,126.93,UPI
ORD00802,2025-08-18,CUST0098,East,Home Office,Running Shoes,Fashion,4,75,0.0,300.0,184.93,115.07,Credit Card
ORD00803,2025-08-10,CUST0157,East,Corporate,Smartphone,Electronics,5,420,0.05,1995.0,1616.84,378.16,Debit Card
ORD00804,2025-07-20,CUST0119,South,Home Office,Keyboard,Electronics,1,45,0.05,42.75,31.52,11.23,Cash on Delivery
ORD00805,2025-04-03,CUST0081,Central,Consumer,Monitor,Electronics,5,180,0.05,855.0,635.29,219.71,Credit Card
ORD00806,2025-02-23,CUST0176,West,Corporate,Smartphone,Electronics,1,420,0.1,378.0,240.44,137.56,UPI
ORD00807,2025-01-13,CUST0159,North,Consumer,Blender,Home Appliances,3,70,0.05,199.5,124.83,74.67,Cash on Delivery
ORD00808,2025-12-29,CUST0246,North,Consumer,Coffee Maker,Home Appliances,2,95,0.15,161.5,132.38,29.12,Cash on Delivery
ORD00809,2025-04-05,CUST0230,North,Home Office,Headphones,Electronics,4,80,0.15,272.0,235.12,36.88,UPI
ORD00810,2025-02-08,CUST0164,West,Corporate,Keyboard,Electronics,3,45,0.1,121.5,94.76,26.74,Net Banking
ORD00811,2025-02-07,CUST0071,North,Corporate,Blender,Home Appliances,3,70,0.05,199.5,123.32,76.18,Net Banking
ORD00812,2025-05-16,CUST0046,West,Consumer,Office Chair,Furniture,1,160,0.05,152.0,123.17,28.83,Net Banking
ORD00813,2025-09-09,CUST0028,South,Home Office,Monitor,Electronics,5,180,0.1,810.0,531.94,278.06,Net Banking
ORD00814,2025-05-13,CUST0027,North,Consumer,Monitor,Electronics,5,180,0.0,900.0,683.91,216.09,Credit Card
ORD00815,2025-09-12,CUST0039,North,Consumer,T-Shirt,Fashion,3,25,0.1,67.5,41.57,25.93,Net Banking
ORD00816,2025-10-22,CUST0001,Central,Home Office,Keyboard,Electronics,2,45,0.05,85.5,68.23,17.27,Net Banking
ORD00817,2025-02-05,CUST0139,South,Consumer,Backpack,Accessories,4,55,0.1,198.0,163.71,34.29,Net Banking
ORD00818,2025-07-03,CUST0086,East,Corporate,Blender,Home Appliances,4,70,0.0,280.0,190.53,89.47,Credit Card
ORD00819,2025-06-24,CUST0021,West,Corporate,Coffee Maker,Home Appliances,1,95,0.05,90.25,63.93,26.32,UPI
ORD00820,2025-12-05,CUST0049,East,Home Office,Headphones,Electronics,5,80,0.0,400.0,309.01,90.99,Net Banking
ORD00821,2025-11-20,CUST0113,South,Consumer,Smartphone,Electronics,3,420,0.1,1134.0,717.59,416.41,Credit Card
ORD00822,2025-07-19,CUST0017,Central,Home Office,Monitor,Electronics,1,180,0.15,153.0,108.87,44.13,Debit Card
ORD00823,2025-01-09,CUST0010,East,Consumer,Backpack,Accessories,5,55,0.1,247.5,212.39,35.11,Debit Card
ORD00824,2025-12-01,CUST0171,Central,Corporate,Blender,Home Appliances,1,70,0.1,63.0,40.4,22.6,Cash on Delivery
ORD00825,2025-01-19,CUST0189,South,Corporate,Headphones,Electronics,5,80,0.0,400.0,305.08,94.92,Credit Card
ORD00826,2025-11-29,CUST0034,North,Consumer,Backpack,Accessories,5,55,0.0,275.0,166.6,108.4,Credit Card
ORD00827,2025-10-30,CUST0017,North,Consumer,Keyboard,Electronics,1,45,0.1,40.5,31.08,9.42,Net Banking
ORD00828,2025-04-14,CUST0110,East,Home Office,T-Shirt,Fashion,5,25,0.0,125.0,70.56,54.44,Net Banking
ORD00829,2025-06-14,CUST0215,South,Consumer,Office Chair,Furniture,1,160,0.15,136.0,108.09,27.91,Cash on Delivery
ORD00830,2025-03-14,CUST0194,West,Consumer,Headphones,Electronics,3,80,0.0,240.0,138.67,101.33,Debit Card
ORD00831,2025-10-25,CUST0011,South,Consumer,Running Shoes,Fashion,2,75,0.1,135.0,90.91,44.09,Cash on Delivery
ORD00832,2025-02-11,CUST0002,North,Consumer,Desk,Furniture,2,140,0.0,280.0,210.65,69.35,Credit Card
ORD00833,2025-09-01,CUST0178,South,Consumer,Blender,Home Appliances,5,70,0.05,332.5,226.01,106.49,UPI
ORD00834,2025-05-03,CUST0241,South,Home Office,Coffee Maker,Home Appliances,3,95,0.15,242.25,186.27,55.98,Credit Card
ORD00835,2025-02-15,CUST0161,East,Corporate,T-Shirt,Fashion,2,25,0.1,45.0,34.54,10.46,Net Banking
ORD00836,2025-09-29,CUST0025,Central,Corporate,Laptop,Electronics,5,650,0.0,3250.0,1930.95,1319.05,Cash on Delivery
ORD00837,2025-12-04,CUST0054,East,Consumer,Running Shoes,Fashion,2,75,0.1,135.0,109.08,25.92,UPI
ORD00838,2025-03-23,CUST0172,North,Consumer,Smartphone,Electronics,2,420,0.1,756.0,558.12,197.88,Debit Card
ORD00839,2025-11-12,CUST0207,West,Consumer,Keyboard,Electronics,2,45,0.1,81.0,54.7,26.3,Credit Card
ORD00840,2025-01-15,CUST0125,Central,Consumer,Blender,Home Appliances,1,70,0.15,59.5,41.33,18.17,Credit Card
ORD00841,2025-08-03,CUST0051,East,Consumer,Monitor,Electronics,4,180,0.15,612.0,492.01,119.99,Credit Card
ORD00842,2025-07-31,CUST0223,South,Corporate,Office Chair,Furniture,2,160,0.0,320.0,193.45,126.55,UPI
ORD00843,2025-08-12,CUST0038,South,Home Office,Smartphone,Electronics,4,420,0.15,1428.0,1111.18,316.82,Net Banking
ORD00844,2025-04-10,CUST0162,East,Corporate,Headphones,Electronics,4,80,0.05,304.0,186.04,117.96,UPI
ORD00845,2025-01-31,CUST0072,South,Consumer,Office Chair,Furniture,2,160,0.0,320.0,226.95,93.05,Net Banking
ORD00846,2025-04-23,CUST0227,East,Home Office,Backpack,Accessories,4,55,0.0,220.0,159.47,60.53,UPI
ORD00847,2025-10-11,CUST0219,South,Consumer,Coffee Maker,Home Appliances,5,95,0.0,475.0,324.41,150.59,Net Banking
ORD00848,2025-08-25,CUST0072,North,Home Office,Running Shoes,Fashion,4,75,0.0,300.0,205.82,94.18,Net Banking
ORD00849,2025-10-24,CUST0057,Central,Consumer,Blender,Home Appliances,2,70,0.0,140.0,87.54,52.46,Cash on Delivery
ORD00850,2025-08-29,CUST0188,Central,Consumer,Laptop,Electronics,4,650,0.0,2600.0,1453.96,1146.04,Net Banking
ORD00851,2025-12-23,CUST0211,North,Corporate,Running Shoes,Fashion,4,75,0.1,270.0,220.87,49.13,Net Banking
ORD00852,2025-12-21,CUST0188,West,Consumer,Monitor,Electronics,1,180,0.15,153.0,130.18,22.82,UPI
ORD00853,2025-02-16,CUST0005,West,Home Office,Office Chair,Furniture,3,160,0.0,480.0,335.5,144.5,Debit Card
ORD00854,2025-01-13,CUST0250,West,Corporate,Headphones,Electronics,4,80,0.15,272.0,231.0,41.0,UPI
ORD00855,2025-07-09,CUST0161,West,Home Office,Blender,Home Appliances,4,70,0.0,280.0,204.87,75.13,Credit Card
ORD00856,2025-06-20,CUST0136,North,Corporate,Coffee Maker,Home Appliances,1,95,0.1,85.5,71.77,13.73,Net Banking
ORD00857,2025-04-17,CUST0202,North,Home Office,Keyboard,Electronics,5,45,0.15,191.25,153.52,37.73,Debit Card
ORD00858,2025-12-12,CUST0094,North,Consumer,Blender,Home Appliances,1,70,0.15,59.5,53.72,5.78,Net Banking
ORD00859,2025-07-07,CUST0045,Central,Home Office,Office Chair,Furniture,4,160,0.15,544.0,358.02,185.98,Credit Card
ORD00860,2025-05-03,CUST0139,North,Home Office,Running Shoes,Fashion,2,75,0.0,150.0,116.35,33.65,Net Banking
ORD00861,2025-04-26,CUST0083,East,Corporate,Blender,Home Appliances,5,70,0.0,350.0,253.13,96.87,Cash on Delivery
ORD00862,2025-07-10,CUST0089,West,Corporate,Coffee Maker,Home Appliances,4,95,0.05,361.0,213.76,147.24,Cash on Delivery
ORD00863,2025-12-14,CUST0212,Central,Corporate,Running Shoes,Fashion,1,75,0.1,67.5,53.49,14.01,Net Banking
ORD00864,2025-08-23,CUST0023,North,Corporate,T-Shirt,Fashion,3,25,0.0,75.0,44.5,30.5,UPI
ORD00865,2025-02-27,CUST0179,South,Corporate,Keyboard,Electronics,1,45,0.0,45.0,26.46,18.54,UPI
ORD00866,2025-12-16,CUST0139,South,Corporate,Monitor,Electronics,5,180,0.0,900.0,555.69,344.31,Debit Card
ORD00867,2025-02-02,CUST0006,South,Home Office,Desk,Furniture,4,140,0.0,560.0,345.55,214.45,Debit Card
ORD00868,2025-06-17,CUST0125,Central,Home Office,Desk,Furniture,5,140,0.05,665.0,490.58,174.42,Cash on Delivery
ORD00869,2025-03-09,CUST0230,East,Consumer,Running Shoes,Fashion,4,75,0.1,270.0,185.98,84.02,Debit Card
ORD00870,2025-01-25,CUST0038,East,Corporate,Monitor,Electronics,4,180,0.05,684.0,556.75,127.25,Net Banking
ORD00871,2025-05-27,CUST0047,South,Home Office,Headphones,Electronics,5,80,0.0,400.0,285.49,114.51,UPI
ORD00872,2025-06-12,CUST0148,South,Corporate,Headphones,Electronics,2,80,0.0,160.0,89.51,70.49,Debit Card
ORD00873,2025-01-18,CUST0171,East,Corporate,Office Chair,Furniture,2,160,0.0,320.0,217.4,102.6,UPI
ORD00874,2025-10-01,CUST0078,North,Consumer,Office Chair,Furniture,4,160,0.15,544.0,495.59,48.41,Net Banking
ORD00875,2025-03-21,CUST0002,Central,Home Office,Backpack,Accessories,2,55,0.1,99.0,83.97,15.03,Debit Card
ORD00876,2025-10-21,CUST0171,South,Home Office,Coffee Maker,Home Appliances,3,95,0.1,256.5,215.48,41.02,Net Banking
ORD00877,2025-03-13,CUST0174,Central,Consumer,Office Chair,Furniture,1,160,0.1,144.0,121.13,22.87,Debit Card
ORD00878,2025-08-17,CUST0092,North,Corporate,Laptop,Electronics,4,650,0.15,2210.0,1932.84,277.16,Credit Card
ORD00879,2025-05-23,CUST0051,North,Consumer,T-Shirt,Fashion,2,25,0.15,42.5,33.55,8.95,Cash on Delivery
ORD00880,2025-09-09,CUST0082,Central,Home Office,Backpack,Accessories,1,55,0.15,46.75,35.24,11.51,Cash on Delivery
ORD00881,2025-08-07,CUST0095,West,Corporate,Laptop,Electronics,3,650,0.1,1755.0,1138.85,616.15,Credit Card
ORD00882,2025-08-17,CUST0224,Central,Consumer,Keyboard,Electronics,3,45,0.05,128.25,83.82,44.43,UPI
ORD00883,2025-05-28,CUST0042,West,Home Office,Blender,Home Appliances,4,70,0.1,252.0,205.76,46.24,Net Banking
ORD00884,2025-04-17,CUST0078,West,Home Office,Headphones,Electronics,5,80,0.15,340.0,227.92,112.08,Debit Card
ORD00885,2025-07-29,CUST0164,East,Corporate,Smartphone,Electronics,5,420,0.1,1890.0,1197.72,692.28,UPI
ORD00886,2025-03-12,CUST0052,South,Corporate,Running Shoes,Fashion,4,75,0.15,255.0,217.11,37.89,Debit Card
ORD00887,2025-06-04,CUST0214,Central,Corporate,Running Shoes,Fashion,4,75,0.0,300.0,221.77,78.23,Net Banking
ORD00888,2025-01-02,CUST0040,East,Corporate,Running Shoes,Fashion,4,75,0.0,300.0,166.85,133.15,Net Banking
ORD00889,2025-12-19,CUST0166,South,Consumer,Smartphone,Electronics,3,420,0.1,1134.0,744.98,389.02,Credit Card
ORD00890,2025-07-05,CUST0149,West,Home Office,Keyboard,Electronics,4,45,0.0,180.0,123.79,56.21,Net Banking
ORD00891,2025-10-22,CUST0005,East,Consumer,Keyboard,Electronics,4,45,0.0,180.0,114.45,65.55,Cash on Delivery
ORD00892,2025-12-21,CUST0035,East,Consumer,Laptop,Electronics,2,650,0.05,1235.0,852.85,382.15,Credit Card
ORD00893,2025-07-02,CUST0013,East,Corporate,Keyboard,Electronics,3,45,0.1,121.5,94.01,27.49,Cash on Delivery
ORD00894,2025-11-18,CUST0047,North,Home Office,Coffee Maker,Home Appliances,1,95,0.15,80.75,56.48,24.27,UPI
ORD00895,2025-12-17,CUST0205,East,Corporate,Running Shoes,Fashion,3,75,0.05,213.75,166.54,47.21,Debit Card
ORD00896,2025-03-15,CUST0004,South,Home Office,Smartphone,Electronics,5,420,0.15,1785.0,1324.84,460.16,Debit Card
ORD00897,2025-03-25,CUST0027,South,Consumer,Office Chair,Furniture,4,160,0.1,576.0,402.09,173.91,Cash on Delivery
ORD00898,2025-09-27,CUST0217,Central,Home Office,Monitor,Electronics,2,180,0.15,306.0,248.79,57.21,Cash on Delivery
ORD00899,2025-02-09,CUST0030,South,Consumer,Blender,Home Appliances,1,70,0.1,63.0,45.91,17.09,Net Banking
ORD00900,2025-08-15,CUST0228,Central,Home Office,Office Chair,Furniture,3,160,0.05,456.0,279.35,176.65,Debit Card
ORD00901,2025-03-02,CUST0057,South,Home Office,Headphones,Electronics,3,80,0.0,240.0,173.09,66.91,UPI
ORD00902,2025-03-08,CUST0021,West,Home Office,Blender,Home Appliances,2,70,0.05,133.0,81.04,51.96,Credit Card
ORD00903,2025-01-22,CUST0051,North,Consumer,Smartphone,Electronics,1,420,0.1,378.0,304.16,73.84,Cash on Delivery
ORD00904,2025-05-10,CUST0012,North,Corporate,T-Shirt,Fashion,1,25,0.1,22.5,14.43,8.07,Credit Card
ORD00905,2025-04-13,CUST0048,East,Consumer,Smartphone,Electronics,1,420,0.15,357.0,250.84,106.16,Credit Card
ORD00906,2025-03-24,CUST0219,Central,Home Office,Headphones,Electronics,3,80,0.15,204.0,151.2,52.8,Cash on Delivery
ORD00907,2025-10-24,CUST0196,North,Home Office,Monitor,Electronics,5,180,0.15,765.0,509.15,255.85,UPI
ORD00908,2025-10-03,CUST0002,North,Consumer,Blender,Home Appliances,2,70,0.05,133.0,82.53,50.47,Cash on Delivery
ORD00909,2025-04-05,CUST0113,North,Consumer,Blender,Home Appliances,4,70,0.05,266.0,198.96,67.04,Debit Card
ORD00910,2025-07-28,CUST0029,East,Consumer,Desk,Furniture,4,140,0.0,560.0,374.24,185.76,Net Banking
ORD00911,2025-07-04,CUST0181,East,Home Office,Smartphone,Electronics,5,420,0.0,2100.0,1394.48,705.52,Credit Card
ORD00912,2025-05-26,CUST0117,Central,Home Office,Smartphone,Electronics,3,420,0.1,1134.0,726.54,407.46,Debit Card
ORD00913,2025-05-29,CUST0219,West,Consumer,Coffee Maker,Home Appliances,4,95,0.0,380.0,257.41,122.59,Credit Card
ORD00914,2025-12-12,CUST0126,North,Corporate,Backpack,Accessories,3,55,0.0,165.0,91.24,73.76,Net Banking
ORD00915,2025-07-25,CUST0178,Central,Consumer,Running Shoes,Fashion,1,75,0.0,75.0,43.72,31.28,UPI
ORD00916,2025-11-01,CUST0217,West,Consumer,Smartphone,Electronics,3,420,0.0,1260.0,791.14,468.86,UPI
ORD00917,2025-10-25,CUST0152,East,Home Office,Desk,Furniture,4,140,0.05,532.0,406.51,125.49,Net Banking
ORD00918,2025-09-06,CUST0131,East,Consumer,Office Chair,Furniture,4,160,0.15,544.0,491.86,52.14,Net Banking
ORD00919,2025-04-29,CUST0161,South,Consumer,Smartphone,Electronics,1,420,0.05,399.0,278.27,120.73,Credit Card
ORD00920,2025-01-14,CUST0249,South,Corporate,Blender,Home Appliances,1,70,0.0,70.0,46.52,23.48,Cash on Delivery
ORD00921,2025-11-16,CUST0025,North,Home Office,Coffee Maker,Home Appliances,3,95,0.0,285.0,176.6,108.4,Cash on Delivery
ORD00922,2025-09-12,CUST0126,Central,Corporate,Backpack,Accessories,4,55,0.0,220.0,135.85,84.15,Cash on Delivery
ORD00923,2025-01-17,CUST0111,North,Corporate,Office Chair,Furniture,5,160,0.15,680.0,443.25,236.75,Net Banking
ORD00924,2025-01-17,CUST0046,Central,Home Office,Office Chair,Furniture,4,160,0.1,576.0,419.66,156.34,Debit Card
ORD00925,2025-06-09,CUST0184,West,Corporate,Blender,Home Appliances,2,70,0.1,126.0,90.87,35.13,Credit Card
ORD00926,2025-10-20,CUST0121,West,Home Office,T-Shirt,Fashion,4,25,0.15,85.0,70.76,14.24,UPI
ORD00927,2025-10-30,CUST0249,West,Home Office,Running Shoes,Fashion,1,75,0.1,67.5,45.79,21.71,Debit Card
ORD00928,2025-01-24,CUST0033,East,Corporate,Keyboard,Electronics,3,45,0.0,135.0,75.12,59.88,Cash on Delivery
ORD00929,2025-06-26,CUST0092,West,Corporate,Laptop,Electronics,3,650,0.1,1755.0,1116.16,638.84,Credit Card
ORD00930,2025-06-09,CUST0152,North,Home Office,Coffee Maker,Home Appliances,2,95,0.0,190.0,114.75,75.25,Credit Card
ORD00931,2025-10-03,CUST0084,North,Corporate,Keyboard,Electronics,1,45,0.05,42.75,26.51,16.24,Net Banking
ORD00932,2025-12-23,CUST0121,Central,Consumer,T-Shirt,Fashion,5,25,0.1,112.5,76.42,36.08,Debit Card
ORD00933,2025-02-20,CUST0207,West,Consumer,Desk,Furniture,5,140,0.1,630.0,436.91,193.09,UPI
ORD00934,2025-12-08,CUST0087,South,Home Office,Office Chair,Furniture,4,160,0.15,544.0,471.45,72.55,Debit Card
ORD00935,2025-02-08,CUST0216,Central,Consumer,Office Chair,Furniture,4,160,0.0,640.0,425.15,214.85,Debit Card
ORD00936,2025-07-25,CUST0206,South,Home Office,Keyboard,Electronics,1,45,0.05,42.75,35.06,7.69,Credit Card
ORD00937,2025-05-20,CUST0018,Central,Home Office,Blender,Home Appliances,5,70,0.0,350.0,240.15,109.85,Net Banking
ORD00938,2025-11-30,CUST0211,East,Home Office,Desk,Furniture,2,140,0.05,266.0,205.24,60.76,Debit Card
ORD00939,2025-07-25,CUST0065,Central,Home Office,Desk,Furniture,5,140,0.05,665.0,417.21,247.79,Net Banking
ORD00940,2025-11-18,CUST0181,Central,Consumer,Coffee Maker,Home Appliances,5,95,0.0,475.0,357.49,117.51,Cash on Delivery
ORD00941,2025-11-23,CUST0137,Central,Corporate,Backpack,Accessories,2,55,0.1,99.0,67.28,31.72,Cash on Delivery
ORD00942,2025-08-25,CUST0038,South,Consumer,Blender,Home Appliances,1,70,0.15,59.5,41.73,17.77,Debit Card
ORD00943,2025-02-02,CUST0163,South,Corporate,Desk,Furniture,4,140,0.05,532.0,418.79,113.21,Debit Card
ORD00944,2025-05-01,CUST0104,South,Consumer,Keyboard,Electronics,2,45,0.05,85.5,63.72,21.78,UPI
ORD00945,2025-06-08,CUST0119,West,Home Office,Monitor,Electronics,1,180,0.0,180.0,132.0,48.0,Net Banking
ORD00946,2025-03-11,CUST0008,East,Corporate,Desk,Furniture,1,140,0.0,140.0,82.13,57.87,Cash on Delivery
ORD00947,2025-01-29,CUST0221,North,Corporate,Headphones,Electronics,1,80,0.1,72.0,58.39,13.61,Cash on Delivery
ORD00948,2025-12-10,CUST0169,North,Corporate,Keyboard,Electronics,1,45,0.1,40.5,34.03,6.47,UPI
ORD00949,2025-03-03,CUST0134,Central,Home Office,Monitor,Electronics,1,180,0.15,153.0,129.41,23.59,Debit Card
ORD00950,2025-06-10,CUST0085,Central,Home Office,Backpack,Accessories,1,55,0.0,55.0,37.84,17.16,Net Banking
ORD00951,2025-02-24,CUST0045,South,Corporate,Blender,Home Appliances,2,70,0.1,126.0,84.02,41.98,Net Banking
ORD00952,2025-10-01,CUST0096,North,Corporate,Desk,Furniture,3,140,0.15,357.0,236.4,120.6,Cash on Delivery
ORD00953,2025-03-16,CUST0093,West,Home Office,Desk,Furniture,4,140,0.0,560.0,432.08,127.92,Debit Card
ORD00954,2025-12-06,CUST0205,North,Home Office,Keyboard,Electronics,1,45,0.15,38.25,25.11,13.14,UPI
ORD00955,2025-12-25,CUST0093,North,Home Office,Keyboard,Electronics,5,45,0.1,202.5,139.75,62.75,UPI
ORD00956,2025-07-21,CUST0238,East,Corporate,Backpack,Accessories,4,55,0.0,220.0,167.04,52.96,Credit Card
ORD00957,2025-03-24,CUST0235,West,Home Office,Monitor,Electronics,3,180,0.0,540.0,403.74,136.26,Debit Card
ORD00958,2025-02-11,CUST0211,West,Corporate,Coffee Maker,Home Appliances,4,95,0.0,380.0,232.95,147.05,Net Banking
ORD00959,2025-12-24,CUST0067,Central,Consumer,Office Chair,Furniture,4,160,0.0,640.0,473.35,166.65,Debit Card
ORD00960,2025-08-21,CUST0178,North,Consumer,Desk,Furniture,5,140,0.15,595.0,503.78,91.22,UPI
ORD00961,2025-04-13,CUST0161,East,Corporate,Coffee Maker,Home Appliances,4,95,0.0,380.0,209.27,170.73,Cash on Delivery
ORD00962,2025-11-29,CUST0196,South,Home Office,Smartphone,Electronics,1,420,0.0,420.0,255.11,164.89,Net Banking
ORD00963,2025-03-10,CUST0067,South,Home Office,Office Chair,Furniture,4,160,0.1,576.0,480.58,95.42,Cash on Delivery
ORD00964,2025-07-08,CUST0047,West,Corporate,Office Chair,Furniture,3,160,0.0,480.0,273.32,206.68,Cash on Delivery
ORD00965,2025-11-28,CUST0157,South,Consumer,Monitor,Electronics,1,180,0.0,180.0,137.22,42.78,Net Banking
ORD00966,2025-11-13,CUST0110,Central,Corporate,Monitor,Electronics,3,180,0.0,540.0,303.18,236.82,UPI
ORD00967,2025-03-02,CUST0004,Central,Corporate,Smartphone,Electronics,3,420,0.0,1260.0,967.51,292.49,Net Banking
ORD00968,2025-04-15,CUST0049,East,Corporate,Coffee Maker,Home Appliances,4,95,0.0,380.0,228.62,151.38,Net Banking
ORD00969,2025-11-04,CUST0056,East,Home Office,Desk,Furniture,2,140,0.1,252.0,209.15,42.85,UPI
ORD00970,2025-01-15,CUST0075,East,Consumer,Desk,Furniture,2,140,0.1,252.0,205.03,46.97,Cash on Delivery
ORD00971,2025-11-28,CUST0118,North,Consumer,Backpack,Accessories,2,55,0.05,104.5,75.25,29.25,Net Banking
ORD00972,2025-07-16,CUST0182,West,Home Office,Headphones,Electronics,3,80,0.1,216.0,169.91,46.09,Cash on Delivery
ORD00973,2025-01-27,CUST0086,South,Corporate,Keyboard,Electronics,1,45,0.0,45.0,30.51,14.49,Debit Card
ORD00974,2025-09-16,CUST0159,West,Corporate,T-Shirt,Fashion,5,25,0.0,125.0,68.9,56.1,Net Banking
ORD00975,2025-10-14,CUST0011,Central,Consumer,Coffee Maker,Home Appliances,3,95,0.0,285.0,220.21,64.79,Debit Card
ORD00976,2025-08-28,CUST0034,North,Corporate,Headphones,Electronics,5,80,0.1,360.0,305.59,54.41,Cash on Delivery
ORD00977,2025-01-23,CUST0033,West,Corporate,Desk,Furniture,2,140,0.05,266.0,161.52,104.48,Debit Card
ORD00978,2025-05-16,CUST0133,East,Corporate,Desk,Furniture,3,140,0.05,399.0,290.21,108.79,UPI
ORD00979,2025-12-03,CUST0163,West,Consumer,Office Chair,Furniture,4,160,0.0,640.0,433.8,206.2,UPI
ORD00980,2025-08-29,CUST0067,South,Home Office,Headphones,Electronics,1,80,0.0,80.0,47.37,32.63,Net Banking
ORD00981,2025-07-02,CUST0182,Central,Corporate,Desk,Furniture,1,140,0.1,126.0,78.31,47.69,Net Banking
ORD00982,2025-02-17,CUST0053,East,Consumer,Backpack,Accessories,1,55,0.0,55.0,31.81,23.19,UPI
ORD00983,2025-12-06,CUST0150,South,Home Office,Blender,Home Appliances,5,70,0.05,332.5,237.84,94.66,Credit Card
ORD00984,2025-02-09,CUST0064,West,Home Office,Running Shoes,Fashion,5,75,0.0,375.0,242.17,132.83,Credit Card
ORD00985,2025-12-15,CUST0032,West,Corporate,Office Chair,Furniture,1,160,0.05,152.0,113.07,38.93,Cash on Delivery
ORD00986,2025-08-24,CUST0213,West,Corporate,Smartphone,Electronics,3,420,0.0,1260.0,701.37,558.63,Debit Card
ORD00987,2025-12-02,CUST0160,West,Corporate,T-Shirt,Fashion,1,25,0.05,23.75,19.33,4.42,Cash on Delivery
ORD00988,2025-05-25,CUST0083,North,Home Office,Headphones,Electronics,2,80,0.0,160.0,117.5,42.5,Credit Card
ORD00989,2025-05-11,CUST0046,South,Corporate,Running Shoes,Fashion,5,75,0.1,337.5,214.23,123.27,Credit Card
ORD00990,2025-07-26,CUST0073,South,Consumer,Laptop,Electronics,2,650,0.0,1300.0,831.16,468.84,Debit Card
ORD00991,2025-11-05,CUST0034,East,Home Office,Backpack,Accessories,4,55,0.05,209.0,166.73,42.27,Credit Card
ORD00992,2025-07-18,CUST0122,East,Home Office,Office Chair,Furniture,5,160,0.0,800.0,530.09,269.91,Cash on Delivery
ORD00993,2025-11-11,CUST0048,West,Home Office,Desk,Furniture,1,140,0.1,126.0,103.11,22.89,Net Banking
ORD00994,2025-08-26,CUST0174,South,Home Office,Smartphone,Electronics,1,420,0.15,357.0,264.01,92.99,UPI
ORD00995,2025-08-28,CUST0112,North,Corporate,Backpack,Accessories,5,55,0.15,233.75,156.56,77.19,Debit Card
ORD00996,2025-09-25,CUST0110,East,Home Office,Headphones,Electronics,2,80,0.05,152.0,118.97,33.03,Credit Card
ORD00997,2025-09-19,CUST0109,West,Consumer,Running Shoes,Fashion,1,75,0.0,75.0,50.11,24.89,Net Banking
ORD00998,2025-10-27,CUST0021,Central,Consumer,Coffee Maker,Home Appliances,5,95,0.05,451.25,300.08,151.17,Credit Card
ORD00999,2025-07-21,CUST0012,North,Corporate,Blender,Home Appliances,4,70,0.0,280.0,204.63,75.37,Debit Card
ORD01000,2025-08-19,CUST0160,East,Corporate,Office Chair,Furniture,5,160,0.1,720.0,579.35,140.65,UPI
